team_id,team_name,league,arena_name,bleachers_capacity,bleachers_price,lower_tier_capacity,lower_tier_price,courtside_capacity,courtside_price,luxury_capacity,luxury_price,total_capacity,avg_est_revenue_per_game,avg_fill_pct,W,L,PF,PA,win_pct,point_diff
67367,Okinawa B.C.,Liga Nacional,Emma Arena,17600,18,4000,54,500,179,35,1300,22135,525711,81,7,3,940,926,0.700,14
65801,FriburgoTeam,Liga Nacional,Frizão,18000,18,4000,50,500,200,40,1500,22540,424546,62,6,4,1116,1066,0.600,50
68537,Rio de Janeiro Basq,Liga Nacional,Arena Carioca,20000,14,3500,53,500,160,50,850,24050,413490,72,5,5,1115,1119,0.500,-4
24562,Diamantino city,Liga Nacional,Diamantinão,17000,15,2500,50,300,200,15,1500,19815,449353,98,5,5,995,1002,0.500,-7
24711,Bauru Basket,Liga Nacional,Panela de Pressão,16000,17,5000,43,500,165,50,618,21550,576787,94,4,6,943,919,0.400,24
65515,Los Cachaça,Liga Nacional,Inferno,18000,20,3500,48,500,175,50,800,22050,556892,81,4,6,896,985,0.400,-89
65129,Buffalo Braves,Liga Nacional,South Park Arena,14850,18,6600,36,500,171,50,880,22000,494208,80,3,7,982,961,0.300,21
32363,The Governance of Ace,Liga Nacional,Little Purple Book,15600,14,4100,50,500,180,40,1100,20240,434662,87,1,9,832,1107,0.100,-275
32618,Velotrol Metalizado,Liga Nacional,Berimbau Motorizado,17500,20,5000,51,500,190,50,945,23050,572143,80,10,0,997,698,1.000,299
24511,Aurux Wolf,Liga Nacional,WolfPack,20000,18,4000,49,500,182,50,920,24550,519121,72,8,2,1098,904,0.800,194
32422,BC Astra,Liga Nacional,Astra,17000,18,1800,63,400,172,30,1120,19230,492003,95,7,3,1052,883,0.700,169
65226,Havana Jazz,Liga Nacional,Buena Vista Ginasio,18738,14,4000,47,500,178,50,1100,23288,508269,88,6,4,1017,1011,0.600,6
32431,Olaria Blue Chiefs,Liga Nacional,Chiefs Arena,16000,16,3000,52,400,155,30,1140,19430,431145,83,5,5,963,1015,0.500,-52
65114,Sindicato S.A.,Liga Nacional,Peleguinho,11909,18,10000,30,500,180,50,900,22459,387715,56,3,7,920,999,0.300,-79
33008,Boston White Tigers,Liga Nacional,Boston Garden,15750,8,3715,28,500,110,35,715,20000,306122,98,3,7,1123,1226,0.300,-103
32351,Clube do remo,Liga Nacional,Baenão,17600,15,4000,45,500,175,35,1150,22135,451984,78,3,7,908,1076,0.300,-168
33122,Serrano F. C.,II.1,Cova do Leão,16060,10,3500,32,400,121,40,578,20000,327541,96,8,2,1045,879,0.800,166
33037,Paulista Predators,II.1,Jungle Center,16000,11,5000,28,500,120,50,600,21550,339307,88,7,3,820,774,0.700,46
32167,Resistência AYA,II.1,kings basketball,12666,10,5897,24,500,131,50,526,19113,318192,93,6,4,973,927,0.600,46
24573,Black_Stars,II.1,Sky Arena,18000,10,3000,35,500,110,50,526,21550,344423,93,6,4,1051,1013,0.600,38
65555,FlaBulls,II.1,FlaBulls Arena,18000,14,2000,45,200,200,15,1280,20215,344631,84,5,5,1001,921,0.500,80
65847,Annihilator,II.1,Alison Hell,12000,13,2300,44,230,125,25,1040,14555,255559,85,5,5,1041,972,0.500,69
67978,Krasnaya armiya,II.1,Ginásio Pavlov,14150,11,1525,48,425,135,13,1225,16113,253395,82,2,8,928,992,0.200,-64
68701,Flamengo Bears,II.1,Soldier Field,16000,8,2500,34,250,175,15,1250,18765,264159,96,1,9,741,1162,0.100,-421
24677,El Més Temut,II.1,La Casa,16720,10,3400,35,460,140,20,800,20600,317284,94,9,1,1027,863,0.900,164
67169,Hercules Sao Fernando,II.1,Parque Colosso de Goiabeiras,18000,10,4450,26,500,116,50,560,23000,346176,88,6,4,1112,977,0.600,135
65211,Rio Branco,II.1,Pio IX,17500,10,2800,50,500,180,32,1100,20832,291758,85,6,4,960,917,0.600,43
33053,Franca Celtics,II.1,Pedrocão Garden,8500,18,2000,45,300,149,20,825,10820,285507,96,5,5,946,893,0.500,53
65631,Patrocínio Paulista,II.1,Diamantão,14000,13,1570,49,200,190,16,1100,15786,313060,100,5,5,908,962,0.500,-54
65411,Porto Alegre Ursos,II.1,Toca do Urso,13000,11,3350,33,500,119,50,611,16900,342684,100,4,6,929,991,0.400,-62
32268,Pegasus SC,II.1,Air Arena,22000,5,10000,18,500,110,50,540,32550,300932,69,3,7,905,972,0.300,-67
24499,Raizes,II.1,Niteroi,15000,13,3000,30,500,90,50,430,18550,339683,95,2,8,906,1078,0.200,-172
33126,Unitri Uberlândia,II.2,UTC,14000,15,5000,40,300,190,30,1280,19330,351421,78,8,2,1170,945,0.800,225
32259,Synbios Force,II.2,Aspinia Arena,16000,13,5000,35,500,125,50,800,21550,366223,86,6,4,1013,930,0.600,83
66125,Colorado Red Jaguars,II.2,SM Arena,9150,14,1400,49,300,148,15,1140,10865,254790,98,6,4,1158,1087,0.600,71
67286,FERDY BASKET BH,II.2,GYM FERDY ARENA,15200,12,4274,30,500,120,26,800,20000,348976,95,5,5,1036,915,0.500,121
67536,Red Devils Legacy,II.2,New Oldtrafford,16600,10,3400,35,500,120,40,800,20540,329618,93,5,5,1097,985,0.500,112
65652,Atletico Lx,II.2,Atletico Lx Arena,5888,18,675,68,124,187,18,1110,6705,179611,97,4,6,1113,1075,0.400,38
68496,OS NBA BC,II.2,NBA STADIUM,5438,10,500,35,60,100,2,800,6000,79480,100,1,9,1011,1201,0.100,-190
33097,Chollima,II.2,PY,5438,19,500,41,60,173,2,801,6000,135804,100,0,10,505,1409,0.000,-904
32543,Salvem as Lulas,II.2,SVL Arena,17600,12,2000,45,488,130,50,775,20138,367997,97,9,1,1195,1041,0.900,154
32722,MestreMengão,II.2,Big Ar,20030,12,2500,45,500,120,25,1100,23055,299225,66,8,2,1078,953,0.800,125
65684,A.A.Tchim,II.2,Saúde,14200,12,1800,48,475,130,25,1000,16500,280362,85,7,3,1102,926,0.700,176
65280,Wonkru,II.2,Arena Wonkru,13500,14,2000,45,500,120,20,1200,16020,294809,80,7,3,1168,1081,0.700,87
33049,Lapa Supersonics,II.2,Estádio Supersônico da Lapa,18890,13,1300,65,100,200,10,1600,20300,264074,67,6,4,1089,952,0.600,137
32628,Indiana Pacers Brasil,II.2,Bankers Life Fildhouse,9100,15,1100,50,280,120,20,1000,10500,219551,85,4,6,1049,1049,0.400,0
32126,Clube Atlético Jale,II.2,Toca da Onça,18500,7,3803,18,498,124,30,839,22831,253132,89,3,7,1038,1054,0.300,-16
65800,Clube de Basquete H,II.2,Arena Humungus,7738,14,2200,37,250,143,16,806,10204,238378,100,1,9,930,1149,0.100,-219
24669,Rio Runners,II.3,Landscape Arena,16000,10,5000,27,500,117,50,565,21550,358148,93,10,0,1198,722,1.000,476
65089,Bauru Brajato Basquete,II.3,Brajato Arenas,24250,11,6200,43,500,135,50,930,31000,295470,52,6,4,1054,944,0.600,110
65142,São Paulo Saints,II.3,Morumbi Center,14000,13,4200,30,500,115,45,590,18745,383628,99,6,4,985,927,0.600,58
67921,Bc Atorvastatina,II.3,E colesterol,10338,19,700,68,260,195,7,1600,11305,251282,80,6,4,1096,1052,0.600,44
24538,Ruazinha Basquetebo,II.3,Ruazinha Arena,22000,8,6000,30,500,135,50,650,28550,309938,74,5,5,1057,1002,0.500,55
32872,SL Faria,II.3,Luz,19000,11,2200,52,250,180,20,1380,21470,289948,77,5,5,935,947,0.500,-12
65627,Sesi Franca,II.3,Pedrocão,20000,10,4000,40,400,80,50,500,24450,287395,80,4,6,927,942,0.400,-15
24547,Island Sentinels,II.3,The Citadel,5520,10,530,35,65,100,2,800,6117,81850,100,0,10,652,1232,0.000,-580
32919,São Gonçalo City Ba,II.3,São Gonçalo City Basket,18500,20,2000,70,450,200,20,1600,20970,257318,38,10,0,1027,709,1.000,318
32349,Diadema Dawgs,II.3,Arena Monumental ABC,15000,12,3000,40,400,135,40,720,18440,325721,86,6,4,956,776,0.600,180
32973,CRVG,II.3,Barreira do Vasco,16000,12,6500,22,500,117,50,570,23050,340921,74,6,4,858,821,0.600,37
65213,Chapecó Warpigs,II.3,The Pigsty,17500,12,1950,45,500,115,50,570,20000,338538,86,6,4,902,938,0.600,-36
24477,Ferroviario Basquet,II.3,Coliseum Force Arena,8938,12,1600,42,60,100,2,800,10600,182056,100,3,7,981,1070,0.300,-89
65163,Axt Basket,II.3,Axt Arena,10628,12,700,60,60,150,12,1200,11400,185736,95,3,7,905,1111,0.300,-206
66841,Basquete Eslavo,II.3,Marakanazinho,6038,10,600,35,75,100,10,800,6723,96880,100,2,8,967,1071,0.200,-104
24742,FLAMENGO81,II.3,NINHO DO URUBU,16500,12,3500,35,500,120,50,700,20550,273603,62,2,8,862,1098,0.200,-236
67464,BC Serpimolot,II.4,Krásny Dom,7538,15,910,60,208,200,4,1600,8660,185515,82,7,3,1045,799,0.700,246
32359,Recife Kaeté,II.4,OKaeté,19450,11,4000,30,500,122,50,576,24000,379362,85,6,4,968,853,0.600,115
32152,PHOENIX AMAZONENSE,II.4,FOOTPRINT CENTER-Amazonas,18960,10,4500,30,500,120,40,700,24000,376975,86,5,5,1010,899,0.500,111
65371,Fluminense de Feira,II.4,Joia da Princesa,17293,9,2200,37,500,110,20,950,20013,282079,91,5,5,902,888,0.500,14
66371,Turatto Stars,II.4,Turatto Stars Arena,13000,10,10000,20,500,100,50,500,23550,334102,84,4,6,873,823,0.400,50
24774,Battlefield Cavaliers,II.4,Market Garden Arena,19000,10,1500,50,500,123,50,630,21050,277723,81,3,7,1035,1041,0.300,-6
67747,Brasília B.C,II.4,ARENA DF,7038,15,1100,46,258,135,6,1600,8402,189638,91,3,7,852,937,0.300,-85
24647,Bombeiros Firefight,II.4,Caldeirão da ESB,5438,20,500,70,60,200,2,1600,6000,142318,87,0,10,328,1192,0.000,-864
32579,FlaGarça,II.4,Garção,19000,14,7500,35,500,172,50,850,27050,319249,53,9,1,1041,790,0.900,251
32390,Canada Country Clube,II.4,Canada,8000,18,1250,60,200,180,20,1500,9470,240265,86,7,3,1096,1007,0.700,89
32350,Fiel Celtics,II.4,Arena fiel,16435,13,870,57,178,150,17,1440,17500,258125,79,7,3,1015,968,0.700,47
32532,Palestra Itália,II.4,Arena São Marcos,20889,6,4072,28,500,100,50,525,25511,261832,82,6,4,1055,937,0.600,118
32195,Maringá Sport Team,II.4,Dogão Sports Center,18000,7,5000,25,500,70,50,600,23550,286964,87,6,4,1020,980,0.600,40
24576,Marmotas,II.4,Marmotão Arena,6188,18,750,65,300,145,10,1400,7248,214611,100,5,5,989,1046,0.500,-57
65285,Real Colina de Aço VR,II.4,Raulininho,18000,13,2500,42,420,123,10,1350,20930,361022,91,4,6,871,908,0.400,-37
33119,Atletico Ceara,II.4,Cathedral,8938,12,800,38,80,105,12,820,9830,148576,100,3,7,991,1023,0.300,-32
24789,Baré,III.1,Baré Arena,10500,12,1500,45,275,125,20,720,12295,216505,95,10,0,1234,712,1.000,522
32409,LA Stars,III.1,LA Stars Arena,9204,9,650,60,140,170,6,1500,10000,148600,99,8,2,966,799,0.800,167
32968,Ursos da Baixada,III.1,Vilar stadium,11108,10,800,39,60,122,2,1000,11970,121315,75,7,3,1007,748,0.700,259
24728,Invictus Pirituba,III.1,Arena Pirituba,12500,10,2500,25,500,95,50,450,15550,192468,74,6,4,1096,981,0.600,115
32999,CRGPX,III.1,Ginásio CRGPX,5990,13,850,45,150,160,10,1250,7000,135853,87,6,4,1038,966,0.600,72
32738,Vasco de Guarulhos,III.1,São Januário,5438,12,500,60,60,160,2,910,6000,106136,99,3,7,849,956,0.300,-107
65399,Baile De Munik,III.1,Munik Stadium,5438,10,500,35,60,100,2,800,6000,79480,100,1,9,803,1222,0.100,-419
66059,Ribeirão Stars,III.1,Ribeirão Stars Arena,5438,10,500,35,60,100,2,800,6000,79480,100,1,9,723,1235,0.100,-512
67841,Caruaru Sesi Club,III.1,Ranulfo Queiroz,6438,10,500,35,60,100,2,800,7000,89480,100,9,1,1322,1035,0.900,287
24549,Utah Jazz ³,III.1,Ginasio Arena,6000,15,1200,50,400,120,30,850,7630,155136,83,8,2,1292,948,0.800,344
65316,Complexo RJ,III.1,Complexo RJ Arena,16000,8,2500,25,500,105,20,800,19020,209951,85,7,3,1162,977,0.700,185
66298,Ghost B.C.,III.1,Ghost Stadium,5438,12,500,40,60,120,2,900,6000,136170,120,5,5,1095,1040,0.500,55
33047,Floripa Hawks,III.1,Floripa Hawks Arena,8500,11,750,45,120,120,12,1100,9382,144820,94,5,5,1101,1061,0.500,40
32717,Bombeiros Firefighters,III.1,Caldeirão do CEIB,5438,12,500,40,60,120,2,1000,6000,86810,89,3,7,917,1204,0.300,-287
24509,Los Pampas B.C,III.1,Hulha Negra,20000,6,2250,24,500,75,50,400,22800,156567,59,1,9,838,1173,0.100,-335
68472,Metropolis Workers,III.1,Work Stadium,5438,10,500,35,60,100,2,800,6000,79480,100,0,10,827,1213,0.000,-386
65365,E.V.L.A.,III.2,Victor Szcepansky,5488,18,510,60,70,200,4,1500,6072,134926,87,9,1,1222,816,0.900,406
68139,Londrina Basket Clube,III.2,Moringão,8500,15,1180,60,300,170,20,1200,10000,159828,68,9,1,1212,832,0.900,380
32584,Manaós BC,III.2,Arena Manaós,9183,10,1163,45,240,140,20,730,10606,162428,92,8,2,1147,700,0.800,447
32952,3 pontos,III.2,De 3 em 3 a galinha enche o papo,14170,9,1500,34,300,115,30,580,16000,195568,83,6,4,1233,919,0.600,314
32890,Três Colinas,III.2,Pedrocão,10438,9,700,48,110,130,2,950,11250,102532,70,5,5,852,943,0.500,-91
65085,Mulekes de Rua,III.2,Rua do Meio,17000,9,3500,30,410,80,20,800,20930,166503,50,2,8,720,1070,0.200,-350
33104,Halifax Highlanders,III.2,Halifax Center,5438,10,500,35,60,100,2,800,6000,79480,100,1,9,729,1234,0.100,-505
66875,Black Falcons,III.2,Falcons Arena,5438,12,500,38,60,135,2,700,6000,79145,85,0,10,667,1366,0.000,-699
32141,Volcom,III.2,Volcom Arena,18210,10,1800,37,400,135,28,990,20438,248106,82,9,1,1151,793,0.900,358
32640,Fogo de rua,III.2,Arena de ginga,5438,18,500,67,60,200,2,1600,6000,116466,72,8,2,1141,823,0.800,318
32569,Phantom Hoops,III.2,Midnight Pavilion,10308,10,1357,38,250,96,15,631,11930,178999,98,7,3,1105,795,0.700,310
24546,Ilha da Magia,III.2,Lagoa,10138,12,1000,45,300,140,14,1000,11452,183481,88,7,3,1051,933,0.700,118
65149,Parahyba,III.2,Parahyba Arena,9400,10,500,60,90,150,10,1000,10000,124058,78,4,6,761,906,0.400,-145
65198,Chapecoense Basketball,III.2,Arena Condá,5438,16,500,65,60,180,2,1600,6000,75450,50,3,7,950,1214,0.300,-264
24767,Vila Velha Vikings,III.2,La Dispute,17100,10,5000,23,500,120,50,1000,22650,140261,34,2,8,797,1055,0.200,-258
69075,Basqueteam,III.2,Townsville,5438,10,500,35,60,100,2,800,6000,78458,98,0,10,850,1189,0.000,-339
33050,Champilha Stars,III.3,Champilha Arena,11000,5,1000,30,500,70,30,600,12530,133800,100,9,1,1261,794,0.900,467
33068,Goytacaz B.C.,III.3,Arena Campistão,8200,10,1370,35,450,100,45,800,10065,176089,98,8,2,1275,898,0.800,377
24694,Empera,III.3,Emperor,8638,12,700,49,70,180,10,1099,9418,160196,100,6,4,1099,915,0.600,184
32761,Vila Velha Tigers,III.3,Clutch Center,17000,20,5000,70,500,200,45,1600,22545,113082,15,6,4,1041,1001,0.600,40
33089,Tartaglia Team Basketball,III.3,Arena Pinhal,22000,8,5000,26,500,110,50,720,27550,265659,73,6,4,1087,1076,0.600,11
65230,São Paulo Seekers,III.3,Chakram Center,16000,8,4500,28,500,129,50,699,21050,189526,59,2,8,761,952,0.200,-191
67081,X-Bacon,III.3,X-Tudo Arena,5438,10,500,50,60,130,2,600,6000,88380,100,1,9,663,1268,0.100,-605
65574,Novo Mundo BB,III.3,Novo Mundo BB Arena,5438,7,500,40,60,150,2,655,6000,68376,100,0,10,709,1322,0.000,-613
65799,River Sharks,III.3,Sharks Arena,8988,12,1295,38,154,175,3,1450,10440,185235,98,10,0,1156,629,1.000,527
33072,TRAMANDAÍ BASKET,III.3,MARISCÃO,14100,15,1237,40,150,110,6,1600,15493,205994,66,9,1,1167,657,0.900,510
32483,Sixsense BC,III.3,Ginásio da Várzea,9465,12,1220,40,300,130,15,1000,11000,167406,77,7,3,976,827,0.700,149
32382,Cattleya Walkerianas,III.3,Orchid Flowers,12000,10,750,58,200,175,8,1193,12958,142637,66,5,5,900,899,0.500,1
65713,Três Rios Calangos,III.3,Fenda do Languim,9500,15,2450,30,500,85,50,600,12500,150814,45,5,5,931,972,0.500,-41
66583,Sua Morte Chegou,III.3,Hora Da Morte,5438,10,500,35,60,100,2,800,6000,79480,100,4,6,945,1088,0.400,-143
32444,Pilates team,III.3,Samba Arena,5438,9,500,35,60,100,2,799,6000,74040,100,2,8,858,1173,0.200,-315
33007,Bauducco Return,III.3,Arena Baurucco,9438,13,700,55,150,170,7,1600,10295,121724,54,0,10,752,1110,0.000,-358
33100,Minas Miners,III.4,Cave of Gold,13000,10,2175,31,385,110,10,850,15570,210803,92,10,0,1090,592,1.000,498
32624,Rondônia Rios,III.4,Ginásio Portal da Amazônia,11182,11,898,50,210,140,10,1200,12300,175381,82,8,2,1052,804,0.800,248
65516,Meninos da Vila,III.4,La BomboVila,9943,12,1320,40,180,155,10,1350,11453,182986,91,7,3,1038,792,0.700,246
32811,Bohemian Strongers,III.4,Bohemian Strongers Arena,5438,15,500,40,60,130,2,1200,6000,102437,90,5,5,882,993,0.500,-111
65282,Na Lenha,III.4,Forno a Lenha,5888,11,587,51,156,131,10,965,6641,124791,100,4,6,691,932,0.400,-241
32115,Cowboys Chapiusk,III.4,Arena Kong,14500,6,8000,18,500,80,30,600,23030,204303,76,2,8,848,1107,0.200,-259
68833,Celtics Miguelense,III.4,Garden,5438,10,500,35,60,100,2,800,6000,79480,100,1,9,842,1158,0.100,-316
67674,Garanhuns Cavaliers,III.4,SESC Garanhuns,5438,10,500,35,60,100,2,800,6000,78962,99,1,9,781,1159,0.100,-378
24480,Glub Glub/Vila Velha,III.4,Glub Glub/Vila Velha Center,22550,10,3200,40,500,145,30,1100,26280,202416,50,8,2,1175,876,0.800,299
66064,Miquimba Basquete Clube,III.4,Arena do Leão,6638,20,500,55,60,100,2,1200,7200,109792,59,8,2,1137,934,0.800,203
32233,Laranjeiras Trees,III.4,General Glicério,5638,15,550,65,120,200,3,1600,6311,144677,98,7,3,1124,780,0.700,344
24701,Limoeiro,III.4,Limoeiro Arena,5620,18,700,60,170,176,10,1400,6500,144220,75,7,3,1123,928,0.700,195
67952,CxS NxtGen,III.4,MFR Forum,9897,10,1174,41,205,129,14,885,11290,178710,97,5,5,1061,885,0.500,176
24558,Pitukas,III.4,Pitukas,12574,10,883,50,259,165,16,1200,13732,156074,67,5,5,1059,958,0.500,101
32913,Joao´s team,III.4,joao´s arena,5438,10,500,35,60,100,2,800,6000,79480,100,2,8,812,1227,0.200,-415
32502,Le Sserafim FC,III.4,Le Sserafim,5438,9,500,20,60,56,2,408,6000,63118,100,0,10,685,1275,0.000,-590
24752,Agropet Almirante,III.5,Almirante Arena,8538,20,930,60,200,180,12,1200,9680,144668,46,8,2,1030,733,0.800,297
32466,Houston Rockets ²,III.5,Arena da Baixada,5650,20,1120,60,400,150,30,1200,7200,120808,49,7,3,1310,942,0.700,368
32172,Knight of The Sun,III.5,Battle Arena,17490,8,2000,33,500,100,10,1000,20000,200194,81,6,4,1253,1076,0.600,177
66112,Rio Pomba - MG,III.5,Ginásio do Pombense,12000,8,1800,32,420,98,20,800,14240,168482,83,4,6,1123,1011,0.400,112
32139,Finazzi Basketball Club,III.5,Arena Finazzi,5438,12,500,35,60,100,2,650,6000,72226,75,3,7,931,1198,0.300,-267
68721,Éééégua,III.5,Éééégua stadium,5438,14,500,45,60,140,2,1040,6000,78707,64,3,7,817,1194,0.300,-377
24786,melk72,III.5,melk72 arena,5438,13,500,38,60,85,2,440,6000,95674,100,2,8,735,1262,0.200,-527
24500,Elite Kings Team,III.5,The Garden,5638,12,520,60,70,200,4,1600,6232,113009,93,0,10,735,1214,0.000,-479
68852,CEZ BC,III.5,B-R,15000,10,6250,24,500,84,50,435,21800,298134,87,9,1,1227,681,0.900,546
66609,Miami Hot Dolphins,III.5,Tua Stadium,24738,5,2600,30,160,200,4,1000,27502,184207,77,9,1,1187,937,0.900,250
68108,SuperSonics Paulista,III.5,Sound Arena,9137,10,758,52,158,176,7,1219,10060,156257,95,8,2,1198,976,0.800,222
65636,Lança Boca,III.5,Boca,8000,13,1000,55,300,140,15,1200,9315,145138,71,7,3,1067,934,0.700,133
65289,LA Galaxy,III.5,Galaxy Park,16000,10,3000,30,500,100,50,1000,19550,219710,73,6,4,1022,668,0.600,354
65117,Laker-show,III.5,Staples Center,16825,8,2100,21,250,55,50,405,19225,139034,55,5,5,925,1044,0.500,-119
65705,Jampa BoysAE6,III.5,Arena Jampa,5438,12,500,44,60,125,2,1000,6000,96756,100,2,8,871,1133,0.200,-262
65079,Luka5,III.5,Kuka5 Stadium,5438,10,500,35,60,100,2,800,6000,79480,100,1,9,822,1250,0.100,-428
68896,Small Heart,III.6,Arena center,11352,13,1000,60,141,200,7,1600,12500,179905,73,10,0,1129,639,1.000,490
65143,petrolina superstars,III.6,Arena Tam Superstars,16215,12,4335,40,490,170,46,800,21086,198883,52,7,3,1129,885,0.700,244
32585,Três Rios Carijós,III.6,EleniCenter,16500,8,4560,30,500,100,40,600,21600,189234,65,6,4,978,849,0.600,129
24631,Capivara CBCG,III.6,Terrinha,10300,10,3000,24,320,110,30,600,13650,192181,81,4,6,1040,1068,0.400,-28
67477,Nossa Senhora Imacu,III.6,José de Barros Ferreira,5438,12,500,65,60,150,2,1200,6000,109156,100,4,6,1007,1140,0.400,-133
65233,Ajax Storm,III.6,Storm Arena,11500,10,1500,35,275,110,15,950,13290,179089,81,4,6,944,908,0.400,36
32666,Novo Hamburgo Kanga,III.6,Marsupial Meeting,5438,12,500,28,60,109,2,556,6000,82278,94,2,8,908,1190,0.200,-282
66719,betsss,III.6,nyur,5438,10,500,35,60,100,2,800,6000,79480,100,0,10,815,1372,0.000,-557
68921,Minas Suns,III.6,Suns Arena,17000,12,4000,32,500,120,50,520,21550,206276,49,9,1,1181,815,0.900,366
32161,Mariana Miners,III.6,Ginásio dos Inconfidentes,12000,10,2500,25,475,80,25,650,15000,226512,96,9,1,1156,883,0.900,273
32290,Flying Dreams,III.6,Dream Factory,20950,5,3500,22,500,71,50,443,25000,212587,84,8,2,1100,884,0.800,216
65351,flamante,III.6,GINÁSIO NINHO DO URUBU,6000,20,1000,57,300,130,15,610,7315,129976,52,7,3,1434,1048,0.700,386
32162,Basquete Barriga Ve,III.6,Ginásio de esporte Ivo Sílveira,5480,10,858,45,60,200,2,1600,6400,108610,100,5,5,1095,1101,0.500,-6
65325,Coentro Defenders,III.6,Defenders,14000,10,1800,35,60,100,12,800,15872,122250,52,3,7,866,1084,0.300,-218
65112,Midnight Warriors,III.6,Kulmann Arena,5438,10,500,35,60,100,2,800,6000,79480,100,1,9,877,1254,0.100,-377
68382,Barclay center,III.6,Gw center,5438,10,500,35,60,100,2,800,6000,79480,100,1,9,805,1344,0.100,-539
65680,Light Wings,III.7,Open Wings,11068,11,2000,30,500,81,50,426,13618,230214,94,9,1,1322,735,0.900,587
67816,Flamengo Joaçaba,III.7,Arena Mengão,8500,12,1000,64,145,194,7,1598,9652,156300,76,8,2,1255,960,0.800,295
32261,Houston Rokets,III.7,Rockets Arena,30000,8,3000,45,500,150,50,800,33550,208216,49,7,3,1057,824,0.700,233
32644,Osasco Heat,III.7,Lipets Stadium,5590,14,1200,50,90,200,5,1600,6885,137874,86,7,3,1061,886,0.700,175
67803,Flamengo Predators,III.7,Maracana,9000,12,700,53,120,200,10,1250,9830,140575,73,5,5,961,1060,0.500,-99
32577,Capeta-Hell,III.7,HellZone,5438,10,500,35,60,100,2,800,6000,79480,100,3,7,897,1128,0.300,-231
67282,lucas FC,III.7,arena do miami,5438,10,500,35,60,100,2,800,6000,79480,100,2,8,927,1200,0.200,-273
33056,Santos Stingrays,III.7,Quebra-Perna,5438,8,500,20,60,75,2,500,6000,59004,100,1,9,909,1250,0.100,-341
24693,Catalão Basquete Clube,III.7,Ginásio Internacional de Catalão,14600,10,1900,35,480,100,45,570,17025,250579,97,10,0,1264,544,1.000,720
67073,Atletico Flyers,III.7,Arena Petry,15000,7,3000,23,500,85,50,465,18550,173106,72,8,2,1117,783,0.800,334
65596,Sesi Franca Basquete,III.7,Pedrocão,16460,5,5000,22,500,90,40,700,22000,202976,89,8,2,1066,860,0.800,206
33091,Itajubá Rabbits,III.7,Itajubá Rabbits Arena,7500,12,650,62,90,200,12,1350,8252,141743,88,4,6,886,1061,0.400,-175
32458,Zaxers,III.7,Galaxy Neon Stadium,5438,15,500,50,60,150,2,1250,6000,110130,89,3,7,813,1186,0.300,-373
68344,Lanches,III.7,Rodrigo Lanches,5438,10,500,35,60,100,2,800,6000,79480,100,2,8,864,1178,0.200,-314
33025,Warriors 30,III.7,Golden arena,5438,14,500,65,60,180,2,1300,6000,118340,96,2,8,782,1173,0.200,-391
66944,JP Mavericks,III.7,Arena Ronaldão,5438,10,500,35,60,100,2,800,6000,79480,100,1,9,825,1178,0.100,-353
32455,Vastar,III.8,Vastar Coliseum,12450,11,1500,45,400,128,22,948,14372,219469,94,9,1,1078,748,0.900,330
32954,Ribeirão Wolves,III.8,Arena Ribeirão,13188,10,950,65,60,200,2,1600,14200,141939,65,7,3,1159,855,0.700,304
24654,Pelotas Packers,III.8,Lambeau Field,7088,12,755,42,91,115,2,950,7936,125320,96,6,4,1082,917,0.600,165
66299,Monstros do Lago,III.8,Arena da Lagoa,9110,10,600,42,136,125,6,886,9852,119831,81,5,5,935,902,0.500,33
67503,Goiânia Pequi,III.8,Arena T-63,5438,10,500,35,60,100,2,800,6000,79480,100,5,5,992,1078,0.500,-86
65295,Real Palestra Basquete,III.8,Arena Real Palestra,5438,10,500,45,60,100,2,800,6000,84480,100,3,7,915,1138,0.300,-223
69036,Anjos e Demônios,III.8,Purgatório,5438,12,500,54,60,97,2,600,6000,99276,100,1,9,917,1302,0.100,-385
24759,Karpinski,III.8,Arena Karpinski,5438,14,500,63,60,200,2,1600,6000,88403,63,1,9,572,1028,0.100,-456
68173,Metallic Luders,III.8,Arena Metal,11500,14,1000,55,450,125,40,650,12990,179270,62,8,2,1080,969,0.800,111
65569,Marilia Saurus,III.8,Arena Pre histórica,7938,12,500,40,60,200,2,1300,8500,125850,96,7,3,1171,889,0.700,282
32319,BC Barão,III.8,FEF,15000,10,5000,30,500,100,50,500,20550,202718,57,7,3,1014,757,0.700,257
33083,GENERAL FIRST,III.8,GENERAL ARENA,16000,10,1300,37,250,120,2,1500,17552,205361,80,7,3,1062,848,0.700,214
24691,Birigui Knights EC,III.8,Arena Francisco Jair Zonta,6375,9,587,41,156,112,10,884,7128,107754,100,6,4,1079,921,0.600,158
32746,POUCAS FC,III.8,POUCAS CENTER,5438,10,500,35,60,100,2,800,6000,79480,100,5,5,961,1134,0.500,-173
32169,Parresiastas,III.8,Pedra de Sísifo,5438,10,500,38,60,105,2,840,6000,81360,100,2,8,901,1099,0.200,-198
65155,Lacto Basket,III.8,Lactovacilus,5438,10,500,35,60,100,2,800,6000,79480,100,1,9,932,1265,0.100,-333
65156,Recife SharksAA0,III.9,Tuba Square Garden,5438,12,500,60,60,150,2,1000,6000,87889,82,7,3,1181,1179,0.700,2
32791,Hanamichis Squad,III.9,Marcelin Stadium,5438,10,500,35,60,100,2,800,6000,79480,100,6,4,1222,1168,0.600,54
65473,Power Ballers,III.9,Mega Arena,5438,10,500,35,60,100,2,800,6000,79480,100,6,4,1207,1164,0.600,43
67648,tropa do malvadão,III.9,base do miranha,5438,10,500,35,60,100,2,800,6000,79426,100,6,4,1194,1164,0.600,30
32566,Renas Palace,III.9,Renas Stadium,5438,10,500,35,60,100,2,800,6000,79480,100,5,5,1137,1142,0.500,-5
66759,HOPSTAR,III.9,BEERGOD,5438,15,500,50,60,100,2,1000,6000,78456,60,5,5,1185,1195,0.500,-10
24599,Guarani18,III.9,Bebior,5438,10,500,35,60,100,2,800,6000,79480,100,4,6,1112,1135,0.400,-23
32120,Pina Green Goblins,III.9,Pineapple Express Arena,5438,10,500,50,60,150,2,1000,6000,90380,100,2,8,1056,1161,0.200,-105
67326,hugo87,III.9,hugo13,5438,10,500,35,60,100,2,800,6000,78692,99,8,2,1169,1119,0.800,50
24684,Teiku,III.9,Tetsuya,5438,10,500,35,60,100,2,800,6000,79480,100,7,3,1165,1098,0.700,67
65235,Blue City Lions,III.9,Arena Sac Milch,5438,10,500,35,60,100,2,800,6000,79402,100,6,4,1183,1153,0.600,30
65788,EC.BAHIA,III.9,Polski,5438,10,500,35,60,100,2,800,6000,79480,100,5,5,1130,1103,0.500,27
24633,Rio de Janeiro Lions,III.9,Arena FTL,5438,10,500,35,60,100,2,800,6000,71992,88,5,5,1158,1176,0.500,-18
66563,Pé de Pano,III.9,Pé de Pano Dome,5438,10,500,35,60,100,2,800,6000,79480,100,4,6,1083,1125,0.400,-42
67933,ProgStars BC,III.9,Singularity Stadium,5438,20,500,70,60,200,2,1000,6000,73362,38,2,8,1146,1189,0.200,-43
65884,skVd,III.9,Quadra do Bairro,5438,10,500,35,60,100,2,800,6000,79480,100,2,8,1098,1155,0.200,-57
67535,Campos Penguins,III.10,Godofredo Cruz,5438,10,500,35,60,100,2,800,6000,74436,92,8,2,1075,1018,0.800,57
67129,Blue Coat Favorites,III.10,Nene Hilario Hall,5438,10,500,35,60,100,2,800,6000,78960,99,8,2,1079,1030,0.800,49
32592,AAARL,III.10,UERJ Congo Arena,5438,20,500,60,60,180,2,1200,6000,71412,37,6,4,1122,1105,0.600,17
24530,Red Howlers,III.10,Guariba,5438,11,500,36,60,101,2,801,6000,77787,88,5,5,1189,1185,0.500,4
68859,Cavaleiros Das Sombras,III.10,Fortaleza Das Sombras,5438,16,500,55,60,130,2,900,6000,84866,60,4,6,1108,1103,0.400,5
24589,Brasilia Dragons,III.10,Dragons Arena,5438,10,500,35,60,100,2,800,6000,79424,100,3,7,1089,1146,0.300,-57
32604,Ilha Pacers,III.10,Pacers Santos,5438,10,500,35,60,100,2,800,6000,75644,94,3,7,1108,1171,0.300,-63
24517,bollerdf,III.10,nilson nelson,5438,10,500,35,60,100,2,800,6000,79042,99,2,8,1126,1177,0.200,-51
32984,Almirante Club,III.10,Complexo Esportivo do Almirante,5438,10,500,35,60,100,2,800,6000,79276,100,10,0,1274,1204,1.000,70
32637,Moon Knights,III.10,Olympus Arena,5438,10,500,35,60,100,2,800,6000,79480,100,6,4,1118,1056,0.600,62
24490,miami hart,III.10,Staples Center,5438,10,500,35,60,100,2,800,6000,79480,100,6,4,1177,1152,0.600,25
65388,Faicivali Space,III.10,Jacks Arena,5438,10,500,35,60,100,2,800,6000,79480,100,5,5,1099,1130,0.500,-31
32473,D&D Hash,III.10,Arena Vicent Gurski,5438,10,500,35,60,100,2,800,6000,79480,100,4,6,1140,1121,0.400,19
65670,#Internacional,III.10,Beira-rio,5438,10,500,35,60,100,2,800,6000,71372,86,4,6,1086,1137,0.400,-51
68395,Blue Jays Saco do R,III.10,Blue Jays Saco do Romão Center,5438,10,500,35,60,100,2,800,6000,79480,100,3,7,1133,1147,0.300,-14
32236,PNG SportsD6F,III.10,PNG Sports Arena,5438,10,500,35,60,100,2,800,6000,79480,100,3,7,1128,1169,0.300,-41
66915,Clues Mambuquinha,III.11,Clues Mambuquinha Center,5438,10,500,35,60,100,2,800,6000,79480,100,8,2,1159,1060,0.800,99
32793,ada family,III.11,rocinha,5438,10,500,35,60,100,2,800,6000,79480,100,6,4,1122,1064,0.600,58
67892,MACONHISTAS,III.11,MACONHODROMO,5438,10,500,35,60,100,2,800,6000,65424,77,6,4,1160,1137,0.600,23
65517,Iguatema Heat,III.11,Janson Arena,5438,10,500,35,60,100,2,800,6000,79480,100,5,5,1041,1040,0.500,1
32976,Bartho Basketball,III.11,Bartho Arena,5438,10,500,35,60,100,2,800,6000,79480,100,3,7,1102,1116,0.300,-14
32150,pássaros,III.11,os pássaros craque,5438,10,500,35,60,100,2,800,6000,78080,98,3,7,1142,1192,0.300,-50
24719,GTRDS,III.11,NETS,5438,10,500,35,60,100,2,800,6000,79186,100,2,8,1110,1152,0.200,-42
65660,Rising Ballers,III.11,Arena da Perdição,5438,20,500,70,60,197,2,1350,6000,107924,59,0,10,865,1195,0.000,-330
32287,Panzers B.C.,III.11,IVAN RODRIGUES,5438,20,500,65,60,190,2,1200,6000,72305,38,7,3,1108,1045,0.700,63
32916,Flamengoforrever,III.11,maracanãzinho,5438,10,500,35,60,100,2,800,6000,79480,100,7,3,1132,1083,0.700,49
65606,Os Confederados,III.11,Phillips Arena,5438,9,500,31,60,110,2,900,6000,72842,100,7,3,1116,1095,0.700,21
65108,CavsMaths,III.11,Cavtown,5438,10,500,35,60,100,2,800,6000,79480,100,6,4,1174,1146,0.600,28
65119,Rangers United,III.11,Rangers Arena,5438,10,500,35,60,100,2,800,6000,78536,98,6,4,1116,1102,0.600,14
32670,Celtics BH,III.11,TD Garden,5438,10,500,35,60,100,2,800,6000,75308,93,5,5,1184,1108,0.500,76
32153,AstState,III.11,AstCity,5438,10,500,35,60,100,2,800,6000,79480,100,5,5,1069,1033,0.500,36
65174,superbol,III.11,tg b.c,5438,10,500,35,60,100,2,800,6000,70476,85,4,6,1092,1124,0.400,-32
67836,MARMELEIRO CELTAS,III.12,CELTAS ARENA,5438,10,500,32,60,125,2,800,6000,79480,100,8,2,1144,1082,0.800,62
32859,Eragon,III.12,Empire,5438,10,500,35,60,100,2,800,6000,79480,100,7,3,1210,1186,0.700,24
32685,|•MONST∆RS•|6FA,III.12,AZULAO,5438,10,500,23,60,120,2,1500,6000,76080,100,6,4,1104,1080,0.600,24
32302,StockPickers,III.12,Wall Street,5438,10,500,35,60,100,2,800,6000,78666,99,5,5,1172,1170,0.500,2
65659,Sindicatis,III.12,Bigorna Arena,5438,16,500,55,60,150,2,1200,6000,83581,57,4,6,1146,1159,0.400,-13
32977,univercidade do chile,III.12,maracana,5438,10,500,35,60,100,2,800,6000,79480,100,4,6,1106,1150,0.400,-44
32580,Gandú Tupiniquim,III.12,Ice Hell II,5438,18,500,37,60,100,2,800,6000,60887,42,3,7,1086,1111,0.300,-25
33114,Flamengo united,III.12,Flamengase,5438,10,500,35,60,100,2,800,6000,79260,100,0,10,1046,1175,0.000,-129
65284,Brasília Candangos,III.12,Candanguinho Square Garden,5438,10,500,35,60,100,2,800,6000,79480,100,7,3,1196,1118,0.700,78
65084,Free Throw Lajeado,III.12,Kubanakan,5438,10,500,35,60,100,2,800,6000,79480,100,7,3,1193,1149,0.700,44
33054,Flamengo F.C,III.12,Ninho do Urubu,5438,10,500,35,60,100,2,800,6000,79480,100,6,4,1162,1136,0.600,26
32494,vitória ba basquete,III.12,BARRADÃO,5438,10,500,35,60,100,2,800,6000,79480,100,6,4,1148,1126,0.600,22
66979,Gladiators/Almenara,III.12,Arena Coliseu,5438,15,500,50,60,140,2,1000,6000,104541,86,5,5,1200,1171,0.500,29
32467,TeamSeventeen,III.12,Konoha,5438,10,500,35,60,100,2,800,6000,77906,97,5,5,1109,1125,0.500,-16
32499,Blackout FC513,III.12,Arena Blackout,5438,10,500,35,60,100,2,800,6000,68154,81,4,6,1087,1123,0.400,-36
65644,Rondon,III.12,Marechal Rondon,5438,10,500,35,60,100,2,800,6000,79480,100,3,7,1105,1153,0.300,-48
32865,Grêmio Esportivo Ol,III.13,Arena Olímpica,5438,14,500,60,60,170,2,1600,6000,114380,94,10,0,999,711,1.000,288
65389,R.N Rosario,III.13,R.N Rosario Arena,5438,10,500,35,60,100,2,800,6000,79480,100,6,4,973,846,0.600,127
32905,RGS Basketball,III.13,Centro de Tradições Gaúchas,5438,10,500,35,60,100,2,800,6000,79480,100,5,5,1020,1169,0.500,-149
32210,BANG FC,III.13,Caldeirão,5438,10,500,35,60,100,2,800,6000,79480,100,4,6,978,1084,0.400,-106
32352,Supremo Sannis,III.13,SS Center,5438,10,500,35,60,100,2,800,6000,79480,100,3,7,963,1062,0.300,-99
65072,Tricordiano Basketb,III.13,Arena J.E.Brilhante,5438,10,500,35,60,100,2,800,6000,79480,100,3,7,940,1138,0.300,-198
33125,nigga,III.13,niggaboy,5438,10,500,35,60,100,2,800,6000,79480,100,2,8,903,1160,0.200,-257
24510,TávolaRedonda,III.13,TávolaStadium,5438,10,500,35,60,100,2,800,6000,79480,100,1,9,1040,1176,0.100,-136
24569,Iron Lions,III.13,Iron Lions Arena,8438,10,670,25,101,80,8,500,9217,104410,91,9,1,1106,621,0.900,485
65243,Demiurgo shiny,III.13,Zaplemix,5438,12,500,40,60,111,2,820,6000,93556,100,9,1,1182,756,0.900,426
24592,Red Bull Team,III.13,Arena Bull,5438,11,500,40,60,110,2,800,6000,75905,82,8,2,1153,1010,0.800,143
65797,Sorocaba Vikings77E,III.13,Soro Arena,5438,10,500,35,60,100,2,800,6000,76014,94,6,4,1088,1043,0.600,45
32419,Jaconé,III.13,Centro de Basquete Jaconé,5438,10,500,35,60,100,2,800,6000,79480,100,6,4,1023,1066,0.600,-43
65160,Desvendando Mitos,III.13,Ironia,7938,10,500,45,60,150,2,900,8500,100978,86,4,6,845,918,0.400,-73
24775,Recife Mariners,III.13,Recife Mariners Arena,5438,10,500,35,60,100,2,800,6000,79480,100,2,8,876,1095,0.200,-219
32901,Los bagres,III.13,Tilapia,5438,10,500,35,60,100,2,800,6000,79480,100,2,8,898,1132,0.200,-234
69019,Kattina,III.14,Arena Kattina,5800,13,600,55,90,170,7,1100,6497,126896,98,10,0,1218,570,1.000,648
24808,Kabeça grande basqu,III.14,Ginásio Muringa,5438,10,500,35,60,100,2,800,6000,79480,100,8,2,990,871,0.800,119
65979,PowerPuff Girls,III.14,Townsville,9438,10,500,35,60,100,2,800,10000,81554,62,7,3,865,836,0.700,29
65170,Natal SixSevenGoatAura,III.14,Munikeh,5438,10,500,35,60,100,2,800,6000,79480,100,5,5,1073,1132,0.500,-59
65288,Mogi Basquete,III.14,Hugão,5438,10,500,35,60,100,2,800,6000,79480,100,4,6,990,1079,0.400,-89
65540,Kwakwani Stars,III.14,Sports Hall,5438,10,500,35,60,100,2,800,6000,79480,100,3,7,913,1111,0.300,-198
68335,Blaze_Family,III.14,Blaze-Cassinos,5438,10,500,35,60,100,2,900,6000,79680,100,3,7,952,1156,0.300,-204
65343,Alsnac,III.14,Max,5438,10,500,35,60,100,2,800,6000,79480,100,1,9,946,1101,0.100,-155
65274,Real Supremo Sannis,III.14,SS Center,7000,12,700,50,150,185,5,1350,7855,127041,83,10,0,1196,443,1.000,753
32443,ilha falcons,III.14,ninho do falcão,5458,14,700,40,70,115,10,815,6238,108729,86,6,4,904,877,0.600,27
33003,Golden State Shooters,III.14,SoFi Stadium,5438,10,500,35,60,100,2,800,6000,79480,100,5,5,1017,1091,0.500,-74
32711,Brasília Dragons,III.14,Ninho do Dragão,5438,18,500,70,60,200,2,1600,6000,129407,83,5,5,979,1082,0.500,-103
65828,NassrsL,III.14,Ginásio NassrsL,5438,10,500,35,60,100,2,800,6000,79480,100,5,5,827,1028,0.500,-201
32547,Tips,III.14,Tips Arena,5438,10,500,35,60,100,2,800,6000,79480,100,3,7,999,1076,0.300,-77
32545,Boca iuva,III.14,Baca arena,5438,10,500,35,60,100,2,800,6000,79480,100,3,7,1044,1171,0.300,-127
32587,Spaces B.C,III.14,Arena Spaces,5438,10,500,35,60,100,2,800,6000,79480,100,2,8,774,1063,0.200,-289
67875,Castelo Basquete,III.15,Ginasio EEEFM João Bley,5938,12,500,55,200,150,10,1000,6648,120736,99,10,0,1049,642,1.000,407
24703,Time do Povo,III.15,Neo Arena,5438,10,500,35,60,100,2,800,6000,58710,55,7,3,1010,886,0.700,124
32771,M6ia Nov9 Club,III.15,Bed Ortobon Stadium,5438,12,500,40,60,120,2,1000,6000,94010,99,6,4,963,893,0.600,70
32937,Santo André Saints,III.15,Bridgestone Arena,5438,10,500,35,60,100,2,800,6000,79480,100,6,4,891,952,0.600,-61
33006,pokemon,III.15,charmed,5438,10,500,35,60,100,2,800,6000,79284,100,4,6,835,967,0.400,-132
24584,Tubarão,III.15,Tubarão Arena,5438,10,500,35,60,100,2,800,6000,78726,99,3,7,905,1018,0.300,-113
66857,Harlem Knicks,III.15,The Rucker,5438,10,500,35,60,100,2,800,6000,78136,98,2,8,808,939,0.200,-131
65735,Mbal,III.15,Mmmbb,5438,10,500,35,60,100,2,800,6000,78474,98,1,9,729,971,0.100,-242
32692,Blumenau Drunkers,III.15,Drunk Arena,7738,12,900,60,135,162,9,854,8782,129983,83,10,0,1072,552,1.000,520
32864,Braga Monsters,III.15,Vera Cruz,7500,12,700,50,105,120,6,1200,8311,119850,87,8,2,961,836,0.800,125
65339,Novo Mundo Last Dance,III.15,Novo Mundo Last Dance Arena,5438,10,500,35,60,100,2,800,6000,79480,100,7,3,965,875,0.700,90
32662,Honda Fever,III.15,Honda Fever Stadium,5438,10,500,35,60,100,2,800,6000,79256,100,5,5,872,952,0.500,-80
68835,Gurizes,III.15,Gurizes Ginasio,5438,10,500,35,60,100,2,800,6000,77068,96,4,6,847,884,0.400,-37
65113,X-Salada,III.15,X-Salada Stadium,5438,10,500,35,60,100,2,800,6000,79480,100,3,7,694,892,0.300,-198
32988,Sharpshooters,III.15,Sharpshooters Arena,6020,12,560,44,108,119,8,892,6696,92273,82,3,7,771,993,0.300,-222
32205,Lepra Leões,III.15,Lepra Stadium,5438,10,500,35,60,100,2,800,6000,75414,93,1,9,880,1000,0.100,-120
65443,Vida Reluz,III.16,Arena Santa Mônica,8438,10,500,35,60,100,2,800,9000,97480,87,9,1,1125,768,0.900,357
32401,Heuer,III.16,Vicenzo Arena,6288,11,720,50,145,145,12,1000,7165,117090,91,8,2,1036,717,0.800,319
68459,White Toucans,III.16,Tropical Storm Arena,5438,10,500,35,60,100,2,800,6000,79480,100,7,3,834,833,0.700,1
32140,Royal Fenix Bruxelles,III.16,St. King Stadium,6438,10,500,35,60,100,2,800,7000,88522,99,6,4,945,854,0.600,91
68465,Caiçara AC,III.16,Caiçara AC Arena,5738,12,650,21,60,188,2,1314,6450,92911,86,4,6,878,927,0.400,-49
32524,POÇÕES,III.16,HERALDÃO,5438,10,500,35,60,100,2,800,6000,78154,98,3,7,689,991,0.300,-302
65643,sampaio,III.16,castelinho,5438,10,500,35,60,100,2,800,6000,76120,94,2,8,772,1066,0.200,-294
65840,Buffalos Blizzard,III.16,BliArena,5438,10,500,35,60,100,2,800,6000,79480,100,2,8,694,1052,0.200,-358
67862,Italianos FC,III.16,Coliseu Allianz,6538,14,560,38,90,115,8,1000,7196,130580,99,9,1,1181,594,0.900,587
32315,Diogo Cão Ballers,III.16,Arena Diogo Cão,6538,11,550,37,80,110,2,820,7170,99852,96,9,1,1195,625,0.900,570
67771,Porto Real Guriaus,III.16,Italianos,7673,8,1022,35,295,95,10,900,9000,122008,91,8,2,1169,840,0.800,329
32207,Volibears mossoroense,III.16,20conto70conto,5438,11,500,38,60,100,2,820,6000,86458,100,6,4,953,970,0.600,-17
24748,Los Angeles Bills,III.16,The Domo,5438,10,500,35,60,100,2,800,6000,78558,98,3,7,703,1009,0.300,-306
32542,Bravo,III.16,Bravum,5438,10,500,35,60,100,2,800,6000,77456,97,3,7,649,1025,0.300,-376
32681,Sport Club do Recife,III.16,Ilha do Retiro,5438,10,500,35,60,100,2,800,6000,79032,99,1,9,715,963,0.100,-248
32558,Cristio,III.16,Stadio,5438,10,500,35,60,100,2,800,6000,77910,97,0,10,739,1043,0.000,-304
