Name,Player ID,Position,Age,Rookie,Height (cm),Potential,Potential %,Game Shape,Jump Shot,Jump Range,Outside Def,Handling,Driving,Passing,Inside Shot,Inside Def,Rebounding,Shot Blocking,Stamina,Free Throw,Experience,Skill Points Total,Skill Points Off,Skill Points Def,Eval PG,Eval SG,Eval SF,Eval PF,Eval C,Weekly Salary,Salary Secondary,Starting Price,Owner Team,Source League,Pulled Date
Lun Gung Ho,50877808,SF,34,No,190,hall of famer,100,9,22,14,22,20,21,11,21,16,6,5,7,34,21,158,110,48,15.66,16.38,15.61,15.47,15.23,292226,274029,2000000,Make Zuzi great again,III.15,2026-09-11
Haike van der Spek,52090986,PG,30,No,185,hall of famer,100,6,20,16,21,21,21,14,16,9,6,9,9,17,16,153,113,40,16.37,16.7,14.43,12.85,11.89,269344,258157,2900000,Kinky Koalas,III.15,2026-09-11
Fabio Ficcadenti,51342783,SF,32,No,183,hall of famer,,,21,10,22,21,21,10,21,16,9,9,5,17,16,160,105,55,,,,,,245463,,1990000,china-dragon,III.15,2026-09-11
Tomer Rosenstein,51399186,SG,32,No,183,hall of famer,,7,19,15,23,21,21,12,9,10,8,8,8,23,17,146,111,35,,,,,,241693,,580000,Albatros coscorron,III.15,2026-09-11
Juozas Bockauskas,51099979,SG,33,No,185,hall of famer,100,7,20,14,21,20,20,11,16,12,8,7,5,22,15,149,106,43,15.44,15.93,14.45,13.57,13.01,240525,198757,350000,star4ever,III.15,2026-09-11
Armonas Teteriukovas,52481673,SG,29,No,183,hall of famer,,8,22,14,22,22,21,9,14,8,5,2,5,14,9,139,110,29,,,,,,233528,,750000,Les Lents Béarnais,III.15,2026-09-11
Timos Doukas,51695631,PF,31,No,218,hall of famer,100,,13,6,9,16,18,11,18,18,17,10,4,5,14,136,73,63,,,,,,231720,229048,1000000,Russia♥,III.15,2026-09-11
Mirosław Krzysciak,52173509,SF,30,No,196,hall of famer,100,9,23,14,15,22,23,9,18,11,9,8,7,7,14,152,106,46,14.07,14.45,13.97,13.92,13.6,229623,207442,1250000,Piaski Yellow Hornets,III.15,2026-09-11
Xi Ming chu,53190763,SF,27,No,193,hall of famer,100,8,23,11,17,18,19,7,22,11,10,7,6,15,9,145,95,50,13.28,14.1,14.18,14.6,14.55,222069,201367,2000000,Katacc,III.15,2026-09-11
Mitar Nikolić,53509265,PF,26,No,206,hall of famer,100,8,21,11,9,18,21,5,21,17,11,8,5,16,8,142,85,57,10.78,11.25,13.36,15.45,16.17,214838,255959,2200000,KK Alkoholicari,III.15,2026-09-11
Marcelinho Dracena,50652944,SF,34,No,188,hall of famer,,9,18,14,22,17,18,13,17,17,8,7,5,26,19,151,102,49,,,,,,213851,,,Bromley-By-Bow,III.15,2026-09-11
Heinrihs Olavs,51469296,PG,32,No,198,hall of famer,,,16,13,18,19,20,15,15,14,12,9,9,27,15,151,101,50,,,,,,211867,,1555000,"BK "" BAUSKA""",III.15,2026-09-11
Germano Greco,53076042,SF,27,No,196,hall of famer,100,8,22,12,19,20,20,6,22,12,8,8,3,7,8,149,99,50,13.64,14.5,14.28,14.68,14.57,204823,187751,2200000,CSKA Shohoku,III.15,2026-09-11
Dalam Effendi,50824950,SG,35,No,188,hall of famer,100,8,20,14,20,19,20,13,13,8,9,9,7,28,20,145,106,39,15.66,15.99,13.8,12.08,11.15,204507,187861,1,"BK "" BAUSKA""",III.15,2026-09-11
Salvo Buttafuoco,53070518,SF,27,No,183,hall of famer,100,9,21,13,19,22,22,8,22,10,8,6,2,20,10,151,105,46,14.47,15.03,14.43,14.49,14.18,203556,156793,2750000,Slam Drunk Celtics,III.15,2026-09-11
Vuk Pavlov,51442959,PG,32,No,183,all-time great,,8,19,16,17,18,18,18,8,5,4,5,8,12,14,128,106,22,,,,,,203389,,580000,Los Marañones,III.15,2026-09-11
Galo Chandebrito,51322825,PF,32,No,211,hall of famer,,,16,10,13,17,18,14,16,18,15,9,7,19,15,146,88,58,,,,,,202408,,1200000,Generation of Miracles,III.15,2026-09-11
Gal Nayan,51298709,SF,33,No,185,hall of famer,100,,22,12,20,20,20,12,20,13,6,5,7,20,13,150,106,44,,,,,,202360,180351,1900000,由治及興,III.15,2026-09-11
Hu Sei Tee,52912149,SF,28,No,198,hall of famer,,,20,12,18,19,19,7,19,13,10,7,5,10,11,144,95,49,,,,,,192376,,1450000,North Caloocan Bullies,III.15,2026-09-11
Rolof Pelletier,51335901,PG,32,No,190,hall of famer,,7,19,14,21,20,21,13,20,16,4,4,1,25,16,152,108,44,,,,,,191217,,1900000,Batsi,III.15,2026-09-11
Bogdan Budzich,52883491,PG,28,No,190,hall of famer,,,19,10,21,21,22,13,16,12,5,6,8,16,10,145,106,39,,,,,,190123,,1500000,Tanzigan pojat,III.15,2026-09-11
András Jusztin,53539890,SF,26,No,188,hall of famer,,6,22,14,18,18,18,12,18,11,8,6,4,24,8,145,102,43,,,,,,188700,,,AndrashidaKK,III.15,2026-09-11
Blažiejus Bulys,53142583,SF,27,No,198,hall of famer,,8,19,11,20,18,18,12,20,16,9,9,3,8,10,152,98,54,,,,,,183107,,2490000,Klacid Nets,III.15,2026-09-11
Rodion Kichigin,53253047,C,28,No,203,hall of famer,100,8,10,9,20,11,13,9,9,22,15,21,4,20,11,139,72,67,13.16,13.62,14.15,14.44,14.79,180900,165339,4000000,EA 7,III.15,2026-09-11
Björn Håkansson,53254603,SG,27,No,198,hall of famer,100,9,20,13,21,20,21,6,21,11,7,9,5,14,8,149,101,48,14.01,14.87,14.08,14.11,13.83,180085,163758,2750000,whisper,III.15,2026-09-11
Hilário Chaves,51610981,SF,31,No,201,hall of famer,,,18,12,19,17,17,12,17,17,9,9,6,23,12,147,95,52,,,,,,177428,,1700000,Radiobasket,III.15,2026-09-11
Sentis Dzelzitis,52156214,C,30,No,208,MVP,,,9,4,5,5,7,5,16,17,17,13,7,11,14,98,35,63,,,,,,176382,,1000000,BC DARK KNIGHTS,III.15,2026-09-11
Wessel Lebbe,51390676,PG,33,No,185,hall of famer,,8,19,14,19,19,19,15,12,8,5,7,4,25,11,137,105,32,,,,,,176028,,750000,Kk Astibo 2022,III.15,2026-09-11
Ceyhun Güçal,50997603,SF,34,No,196,hall of famer,,,23,13,19,18,20,9,19,10,5,3,6,19,17,139,102,37,,,,,,172383,,1723830,"""CAPO D' IRLANDA""",III.15,2026-09-11
Leys Rahmati,54230463,SF,25,No,203,hall of famer,,6,20,11,18,18,19,9,12,12,11,10,4,4,9,140,95,45,,,,,,170224,,2350065,Milwaukee Sucks,III.15,2026-09-11
Çaglar Durusel,54638147,C,23,No,211,hall of famer,,,8,3,9,11,11,10,9,19,18,19,2,10,4,117,52,65,,,,,,169744,,1500000,Tanzigan pojat,III.15,2026-09-11
Liudas Cipelis,53483194,PG,26,No,188,MVP,100,8,20,14,19,18,19,14,14,9,6,7,4,14,8,140,104,36,15.14,15.48,13.41,11.83,10.95,164846,157059,1800000,Sairijų Būralis,III.15,2026-09-11
Edgar Esquivel,53923396,PF,25,No,216,hall of famer,,8,17,11,8,15,17,18,18,17,13,9,1,16,9,143,86,57,,,,,,159996,,3000000,AlpenFlash Dunk Crew,III.15,2026-09-11
Paco Peña,54330527,C,24,No,216,MVP,,,9,9,6,11,12,9,17,13,20,11,3,15,6,117,56,61,,,,,,157792,,1990000,Elbląg Hunters,III.15,2026-09-11
Johan Calvo,52216377,PF,31,No,213,hall of famer,,9,12,8,15,15,16,15,10,20,15,20,4,22,13,146,81,65,,,,,,155888,,2900000,pirulos tropicales,III.15,2026-09-11
Kristo Allas,54469736,C,24,No,216,MVP,100,,5,8,6,2,6,4,18,18,15,10,2,10,5,92,31,61,,,,,,155592,164310,1200000,DirtyDragons,III.15,2026-09-11
Tadeusz Kupidura,54121268,PF,25,No,208,hall of famer,100,,13,5,9,12,11,8,17,17,15,12,2,19,6,119,58,61,,,,,,155525,164431,1150000,CaniFelis,III.15,2026-09-11
Jonathan Pronost,52421606,C,29,No,213,hall of famer,,,10,3,5,10,12,13,7,20,17,22,6,20,10,119,53,66,,,,,,153647,,1500000,Les Lents Béarnais,III.15,2026-09-11
Daugalis Kilevicius,51098632,SF,33,No,198,MVP,,,19,12,19,18,20,8,21,14,7,6,4,22,15,144,96,48,,,,,,149866,,1890000,Krautentruppen,III.15,2026-09-11
Abdur Rahim Penalver,52591835,PF,29,No,211,hall of famer,,8,14,7,6,13,15,7,18,14,18,8,5,4,9,120,62,58,,,,,,149494,,2200000,Quezon City Kings,III.15,2026-09-11
Unna Emiliano Acebuque,50843355,C,34,No,208,MVP,,,11,7,9,15,17,7,17,17,15,10,9,26,15,125,66,59,,,,,,147874,,1000000,Phantom 56xers,III.15,2026-09-11
Chen Bangyuan,54621592,C,23,No,206,hall of famer,,,11,10,6,11,12,10,11,19,17,19,2,12,4,126,60,66,,,,,,147433,,1990000,Elbląg Hunters,III.15,2026-09-11
Julien Vergne,53425212,PG,27,No,183,hall of famer,100,,21,13,19,19,21,13,14,10,8,8,7,19,10,146,106,40,,,,,,147208,167999,1750000,Furious Frog,III.15,2026-09-11
Edward Matthews,53337818,PF,27,No,208,hall of famer,100,,14,11,12,18,19,8,16,17,15,12,6,13,9,142,82,60,,,,,,146992,162890,1900000,Ördöngősök,III.15,2026-09-11
Rick Murray,52996800,SF,27,No,196,hall of famer,100,9,20,10,20,17,19,12,20,13,8,7,5,19,11,146,98,48,14.65,15.21,14.7,14.43,14.14,146659,137176,2999994,蜗世界,III.15,2026-09-11
Davut Cantürk,52002196,PG,30,No,193,MVP,100,8,20,12,20,20,21,11,15,11,5,8,5,19,13,143,104,39,14.61,15.07,13.41,12.37,11.64,146109,123637,1100000,达纳苏斯,III.15,2026-09-11
Mehmedalija Bandović,52592367,SF,29,No,190,MVP,,,21,12,18,16,18,13,11,12,9,9,6,5,11,139,98,41,,,,,,145604,,1000000,Russia♥,III.15,2026-09-11
Kalle Regio,52856205,SG,28,No,185,all-time great,100,9,19,12,21,21,21,7,19,9,6,4,6,21,10,139,101,38,14,14.61,13.31,12.89,12.39,144224,123499,2500000,Venomous Vicious Vipers,III.15,2026-09-11
Kaupo Mägi,54162384,C,24,No,216,hall of famer,100,,7,4,8,5,7,2,17,18,16,9,7,11,6,93,33,60,,,,,,143153,156234,1200000,europe girls,III.15,2026-09-11
Randall Braswell,51590036,PF,31,No,198,MVP,,,18,9,12,18,21,10,18,14,14,6,8,10,12,140,88,52,,,,,,142783,,1555000,"BK "" BAUSKA""",III.15,2026-09-11
Isaac Elizaga,53045128,PG,28,No,185,MVP,,,17,12,19,20,22,10,16,11,12,7,5,11,9,146,100,46,,,,,,142549,,1500000,Partychan de aquí al lado,III.15,2026-09-11
Ma Xiuyi,53921017,PG,26,No,188,MVP,100,8,17,13,18,19,21,13,11,10,8,7,6,5,8,137,101,36,14.69,14.73,12.97,11.6,10.84,140563,138684,2255444,Club Basket Bon Pastor,III.15,2026-09-11
Pierre Vaidie,53424724,PF,27,No,201,hall of famer,,,14,8,14,14,15,14,15,16,16,10,8,18,9,136,79,57,,,,,,140123,,2450000,FCCV,III.15,2026-09-11
Kamil Moens,53457382,PF,27,No,206,MVP,,,14,7,8,9,12,10,17,17,14,9,6,11,7,117,60,57,,,,,,139762,,1450000,Church Of Ra,III.15,2026-09-11
Yaşar Yaqubov,52594617,SF,29,No,185,hall of famer,,7,18,11,20,17,18,11,15,16,8,8,5,25,11,142,95,47,,,,,,138123,127786,2499000,Liverpool Croatia,III.15,2026-09-11
Aćim Predojević,51124575,SG,34,No,183,hall of famer,,9,21,17,16,15,18,12,9,5,5,8,7,13,14,126,99,27,,,,,,136642,,400000,SR Brigada,III.15,2026-09-11
Elísio Pinto,53683074,PG,26,No,183,hall of famer,100,,18,13,19,16,18,15,10,10,7,6,6,1,9,132,99,33,,,,,,134619,141924,1500000,NFL Basket,III.15,2026-09-11
Pompiliu Mihai,52189991,PG,30,No,203,hall of famer,,,18,10,16,19,20,14,13,10,7,7,9,4,11,134,97,37,,,,,,134479,,1250000,Bodensee,III.15,2026-09-11
Remigiusz Haladuda,53878543,PG,25,No,183,hall of famer,,,21,12,21,20,20,12,7,7,4,3,6,8,9,127,106,21,,,,,,132345,,1500000,Mi Thar: Su,III.15,2026-09-11
Federico Strabuzzi,51342456,SF,32,No,201,hall of famer,100,7,23,15,6,26,27,8,21,8,9,6,6,7,13,149,105,44,12.25,12.08,12.81,13.83,13.76,131219,113830,500000,Free Agent.,III.15,2026-09-11
Toomas Terasmees,53851707,PG,25,No,183,hall of famer,100,9,20,14,18,17,16,15,4,10,8,5,4,20,7,127,100,27,15.04,15.16,12.31,9.76,8.66,129249,149754,1099900,Elavad Trussikud,III.15,2026-09-11
Yiannis Misidis,54079541,PG,25,No,188,MVP,100,,15,12,20,21,22,11,14,13,8,8,4,18,7,144,101,43,,,,,,127553,131703,1700000,NZW KMP WEK,III.15,2026-09-11
Ye Enguang,53255671,SF,28,No,183,hall of famer,100,7,22,14,17,22,24,6,14,11,5,4,3,5,11,139,105,34,13.11,13.68,12.34,11.9,11.4,125966,141123,1000000,บุรีรัมย์ X,III.15,2026-09-11
Dre Breda,53599595,PF,27,No,206,MVP,,,14,9,11,19,20,11,15,16,13,13,9,15,9,141,84,57,,,,,,125482,,1321123,ALE I NEMANI,III.15,2026-09-11
Yiannis Tsolakidis,52771870,SF,28,No,185,hall of famer,,,18,12,21,18,19,8,19,14,7,8,4,19,9,144,96,48,,,,,,125100,,2000000,Moutzouflides,III.15,2026-09-11
Wilmar Vaz Martins,51610381,SF,32,No,206,MVP,100,9,17,15,13,13,15,10,13,14,12,7,7,23,13,129,83,46,12.49,12.84,12.86,12.94,13.05,124041,118271,1900000,"A.D. ""Os Limianos""",III.15,2026-09-11
Sotiris Fasianos,53767272,PF,25,No,213,hall of famer,,,11,3,9,12,14,5,18,18,13,11,9,21,8,114,54,60,,,,,,122417,,1300000,Xalia Mavra BC,III.15,2026-09-11
Liew Lai Sze,53230151,SG,27,No,183,MVP,100,9,20,15,18,20,21,9,10,8,5,6,9,16,9,132,103,29,13.77,14.2,11.78,10.22,9.29,122329,126952,1500000,Mi Thar: Su,III.15,2026-09-11
Curtis Alderman,54282349,PG,24,No,198,MVP,100,8,16,10,16,17,18,16,14,8,10,4,1,8,5,129,93,36,14.51,14.29,13.16,11.96,11.31,121706,131751,2950000,kk rudar 1978,III.15,2026-09-11
Igor Kanunnikov,51732477,SG,32,No,188,MVP,100,5,17,17,17,17,15,13,7,10,10,4,7,7,13,127,96,31,14.66,14.74,12.54,10.76,10.03,121616,141584,350000,Colorado Red Jaguars,III.15,2026-09-11
Jonathan Quaratino,52738781,PF,28,No,208,MVP,,,14,9,15,9,10,8,16,20,9,13,4,19,12,123,65,58,,,,,,121133,,1000000,A Team Has No Name,III.15,2026-09-11
Krister Christiansson,51340078,SG,32,No,193,MVP,,7,20,16,16,19,19,8,8,4,8,6,8,10,16,124,98,26,,,,,,119587,,550000,Jakarta Warriors,III.15,2026-09-11
Stane Vugrinčič,53897633,PG,26,No,216,hall of famer,,8,12,10,14,16,18,16,15,14,15,12,3,13,6,142,86,56,,,,,,117384,,2170000,High fly team,III.15,2026-09-11
Thanos Gatzos,53768604,SG,26,No,196,hall of famer,100,9,19,11,19,19,20,10,18,7,11,6,4,16,9,140,98,42,14.5,14.87,13.79,13.09,12.55,116245,119325,2700000,Atsalakotoi13,III.15,2026-09-11
Wu Sing Yiu,53857459,SG,26,No,188,MVP,100,6,16,16,17,16,18,7,11,12,9,6,3,17,8,128,90,38,12.78,13.27,12.12,11.64,11.4,115545,105421,545000,LUDDI,III.15,2026-09-11
Avraam Chatzistavrou,53442741,PG,26,No,188,hall of famer,,,20,10,17,23,24,12,10,5,4,7,4,16,8,132,106,26,,,,,,108990,,1500000,Mavs Nation,III.15,2026-09-11
Caíque Melo Cunha,52352978,SF,29,No,203,MVP,,,17,13,13,14,16,10,14,15,12,9,7,28,9,133,83,50,,,,,,108921,,1200000,blondiniai,III.15,2026-09-11
Stanley Jess,52592242,PG,29,No,183,MVP,,9,18,15,14,21,21,12,10,7,7,4,4,11,10,129,101,28,,,,,,108768,,540000,Wybrzeże Klatki Schodowej,III.15,2026-09-11
Safet Bavrk,54459074,PF,24,No,203,MVP,,,15,11,5,14,13,11,16,16,12,13,5,15,5,126,69,57,,,,,,108072,,1389000,BuglerBeavers,III.15,2026-09-11
Doron Fux,54102673,SG,24,No,183,MVP,100,5,20,15,18,18,19,10,11,8,5,5,8,14,7,129,100,29,13.73,14.23,11.89,10.32,9.44,107867,126276,1200000,Labregos BC,III.15,2026-09-11
Kamal Luc,54473466,PF,24,No,211,superstar,,,14,9,3,4,8,5,18,16,12,11,4,13,5,100,43,57,,,,,,107077,,1000000,Dalmacija United,III.15,2026-09-11
Buta Amilov,52215559,PG,30,No,185,MVP,100,9,17,12,18,22,22,10,14,7,7,4,3,13,12,133,101,32,14.09,14.14,12.45,11.41,10.64,105388,108194,1250000,Tanqueray Lemon,III.15,2026-09-11
Orlando Battistelli,51344793,PF,32,No,208,MVP,,,12,8,6,15,16,7,15,15,17,10,9,15,13,121,64,57,,,,,,105031,,1000000,Jakarta Warriors,III.15,2026-09-11
Ionicã Panduru,51501777,SG,32,No,193,MVP,,8,20,15,17,20,21,7,10,9,4,6,9,9,15,129,100,29,,,,,,104824,,800000,Jakarta Warriors,III.15,2026-09-11
Ludovic Aumaitre,53425748,C,26,No,206,MVP,,,10,6,4,7,9,2,17,18,14,8,6,11,7,95,38,57,,,,,,104757,,1000000,Prule,III.15,2026-09-11
David D'Amore,53409417,C,27,No,198,superstar,,,6,8,16,13,10,12,8,18,18,13,5,9,10,122,65,57,,,,,,103650,,1500000,Tanzigan pojat,III.15,2026-09-11
Pablo Ramallo,50330287,SG,35,No,185,MVP,,8,17,16,17,16,16,12,6,9,7,7,9,8,18,123,94,29,,,,,,103399,,150000,GUADIX F.C.,III.15,2026-09-11
Traianos Mavilis,53441098,PG,26,No,196,MVP,,,17,11,21,22,22,9,13,8,6,5,5,6,9,134,102,32,,,,,,103192,,1499000,5 Fuori Giussano,III.15,2026-09-11
Martino Volpato,52404972,PF,29,No,208,MVP,,,14,8,14,18,18,7,17,16,9,13,3,6,11,134,79,55,,,,,,102821,,1890000,Odio Per I Clerks!!!!,III.15,2026-09-11
Lau Hui Puay,53230051,SF,27,No,185,MVP,,,21,12,18,19,19,9,10,9,7,4,9,12,8,128,98,30,,,,,,101839,,1250000,Mi Thar: Su,III.15,2026-09-11
Fabricio Lundberg,50972523,SF,33,No,198,hall of famer,,,17,10,13,17,18,14,13,14,13,10,8,24,13,139,89,50,,,,,,99899,,1300000,Ghepardi,III.15,2026-09-11
Simón Correa,53244728,PG,27,No,193,hall of famer,,9,15,11,17,18,18,13,19,17,5,7,5,9,11,140,92,48,,,,,,99185,,2200000,摸鱼摸麻了,III.15,2026-09-11
Carlos Holliday,51590914,C,31,No,208,superstar,,,8,7,10,11,9,11,10,19,14,15,5,13,12,114,56,58,,,,,,98402,,1250000,Afyon Bld Gençlik,III.15,2026-09-11
Jordi Jounou,52718727,SF,28,No,190,MVP,100,9,21,14,14,23,24,7,9,6,8,4,1,15,12,130,103,27,12.96,13.09,11.18,10,9.16,97158,99321,550000,IKERYJAIRO,III.15,2026-09-11
Scott Astarita,54231165,PG,24,No,188,MVP,,,15,9,17,21,21,13,11,10,8,5,2,15,5,130,96,34,,,,,,95971,,1673200,I Pericolati,III.15,2026-09-11
Ragnar Rank,53525521,SF,27,No,198,MVP,,8,15,16,13,15,15,12,14,15,11,11,2,14,8,137,86,51,,,,,,95911,,2200000,lokros,III.15,2026-09-11
Chen Yu chen,53581630,SG,27,No,183,MVP,100,4,18,16,17,18,19,9,10,4,4,3,9,12,8,118,97,21,13.01,13.4,10.58,8.73,7.68,95424,94926,850000,blondiniai,III.15,2026-09-11
Anselm Giró,54332819,C,23,No,208,superstar,,,6,8,7,7,9,7,16,16,15,10,3,14,6,101,44,57,,,,,,95138,,1150000,Chuminakis B.C.,III.15,2026-09-11
Velimir Ðalać,53594335,PG,27,No,196,superstar,,,13,11,18,17,15,13,15,13,9,10,1,20,10,134,87,47,,,,,,95103,,1900000,Geeno FC,III.15,2026-09-11
Felix Zhabinskiy,54233940,SG,24,No,196,hall of famer,,8,17,15,18,18,19,7,13,10,6,7,5,13,7,130,94,36,,,,,,94927,,,"""АТЕШ"" Крим",III.15,2026-09-11
Wang Kunlian,53366128,C,26,No,203,MVP,100,7,6,8,20,14,12,9,11,21,10,19,3,8,8,130,69,61,12.6,12.77,13.25,13.72,14,94403,93147,3333334,spardaks,III.15,2026-09-11
Perry Wilkinson,50954738,C,33,No,216,superstar,,,4,9,9,10,8,13,8,18,16,18,9,15,15,113,53,60,,,,,,92911,,1700000,Atsalakotoi13,III.15,2026-09-11
Marceliano Manrique,54230559,SF,25,No,183,hall of famer,,,20,13,15,19,19,8,16,12,7,6,4,18,7,135,94,41,,,,,,92019,,2735000,sheert devils II,III.15,2026-09-11
Amir Imamović,53174323,SG,28,No,198,superstar,,4,20,15,14,17,18,6,13,6,6,7,2,5,11,122,90,32,,,,,,91175,,500000,Free Agent,III.15,2026-09-11
Teemu Hartman,53577151,SF,26,No,185,MVP,100,9,22,14,13,19,19,9,20,7,5,4,5,15,5,132,96,36,12.49,12.97,12.27,12.12,11.72,89713,89998,976000,Mallikkaat Kuleksijat,III.15,2026-09-11
Augedas Getlingas,52479585,SG,29,No,208,MVP,,6,18,16,15,17,19,12,7,6,5,7,4,19,11,122,97,25,,,,,,89410,,850000,Anadolu Efesas,III.15,2026-09-11
Jędrzej Radziwanowski,51807137,SG,32,No,185,superstar,,8,18,15,14,15,15,12,8,6,10,9,6,18,12,122,89,33,,,,,,88971,,250000,Relentless Sin,III.15,2026-09-11
Settimio Zarbo,53736674,PF,26,No,198,hall of famer,100,7,17,6,14,14,16,8,20,12,9,10,4,17,7,126,75,51,11.17,11.67,12.56,13.36,13.52,87067,91715,2150000,Shohoku II,III.15,2026-09-11
Rahav Kashani,51718817,SG,31,No,185,superstar,,9,19,14,17,18,20,9,12,10,4,8,9,10,15,131,97,34,,,,,,86875,,350000,Green Mushroom,III.15,2026-09-11
Simon Alain,54539666,SG,24,No,188,hall of famer,100,9,18,14,19,22,22,5,17,7,5,11,5,10,6,140,100,40,13.21,13.83,12.28,11.77,11.12,85850,104078,3000000,#8 Kobe Bryant,III.15,2026-09-11
Alessandro Murenu,52404667,PG,29,No,198,superstar,100,7,14,14,17,17,18,13,10,6,5,5,6,12,12,119,93,26,13.61,13.6,11.22,9.42,8.46,85815,85990,1230000,Odio Per I Clerks!!!!,III.15,2026-09-11
Orlando Almada,53255639,SF,27,No,208,hall of famer,,,18,10,17,18,19,6,19,14,5,6,3,19,8,132,88,44,,,,,,85699,,1500000,摸鱼摸麻了,III.15,2026-09-11
Charles Beaver,53338749,PG,27,No,193,MVP,100,9,16,15,14,18,19,13,6,8,9,2,7,9,7,120,95,25,13.63,13.39,11.36,9.67,8.87,84302,97693,699000,TeXans99,III.15,2026-09-11
Indrek Brakman,53525369,PG,26,No,183,hall of famer,,,17,12,17,18,19,12,14,14,8,6,9,5,9,137,95,42,,,,,,83220,,1700000,Olympiacos B.C.,III.15,2026-09-11
Mao Ping sheng,54218283,PG,25,No,188,hall of famer,,,13,13,19,19,19,10,9,9,11,8,6,21,7,130,93,37,,,,,,82834,,1350000,Stumbras,III.15,2026-09-11
Jonas Zizevicius,49579032,SG,37,No,196,MVP,,9,15,18,16,11,13,5,13,7,6,5,9,17,17,109,78,31,,,,,,82365,,,Skoda Ξάνθη,III.15,2026-09-11
Roberto Forgani,51661580,SG,31,No,193,hall of famer,100,,17,13,18,15,16,12,8,8,8,4,8,16,14,119,91,28,,,,,,79966,88122,1000000,Odio Per I Clerks!!!!,III.15,2026-09-11
Theodoros Kakavos,52063408,SG,31,No,185,hall of famer,,6,20,14,16,20,21,6,8,6,4,3,5,12,13,118,97,21,,,,,,76925,,200000,GENERAL FIRST,III.15,2026-09-11
Ignacio Fogassot,53207264,PG,28,No,183,superstar,100,7,16,15,15,16,14,15,10,6,3,2,8,2,10,112,91,21,13.39,13.38,10.89,8.9,7.91,76649,81432,500000,Free Agent,III.15,2026-09-11
Mardi Kasparyan,54544235,PG,24,No,196,MVP,,,16,12,19,18,18,12,11,12,7,7,7,12,7,132,95,37,,,,,,76124,,1400000,FCCV,III.15,2026-09-11
Athanasios Mattheou,54079410,SG,25,No,201,MVP,100,8,15,13,18,18,19,9,14,12,8,10,3,4,8,136,92,44,13.45,13.77,12.88,12.5,12.16,75138,73799,1007200,Sepolia City,III.15,2026-09-11
Kosta Macura,54146374,PF,25,No,201,hall of famer,100,8,19,10,10,18,19,11,18,12,9,9,4,16,6,135,87,48,12.06,12.1,12.82,13.39,13.4,73329,83886,2300000,KK Alkoholicari,III.15,2026-09-11
Mantvydas Laužaitis,54427380,PG,24,No,196,superstar,,,16,12,17,18,18,12,9,9,3,8,5,17,5,122,93,29,,,,,,73147,,1000000,Mecklenburger,III.15,2026-09-11
Stancho Púrvanov,52850025,PF,29,No,206,MVP,100,6,11,10,10,16,18,12,15,10,18,9,9,19,9,129,77,52,12.57,12.04,13.12,13.68,13.88,71751,68571,1790000,SSG Ulm 99,III.15,2026-09-11
Richie Williams,50315649,PG,35,No,183,MVP,,8,17,15,15,13,15,14,8,10,4,6,7,20,17,117,89,28,,,,,,71004,,275000,BC Nõmmküla,III.15,2026-09-11
Haris Xarchakos,54078253,PG,25,No,185,hall of famer,,,14,10,17,17,15,13,12,12,10,6,6,9,6,126,86,40,,,,,,69271,,1950000,Olympiacos B.C.,III.15,2026-09-11
Fernando Faisal Saroge,54231227,C,25,No,213,MVP,100,,8,5,10,12,11,9,12,13,17,12,8,7,6,109,55,54,,,,,,69231,64354,1250000,WKS Włocławek,III.15,2026-09-11
Carmelo Soto,54851689,C,23,No,198,MVP,,,4,9,6,7,3,13,9,16,13,18,6,16,5,98,42,56,,,,,,69057,,1200000,vagancias,III.15,2026-09-11
Anouk Hessenthal,53403602,PG,26,No,188,MVP,100,7,15,16,14,16,17,13,5,6,5,1,4,15,8,108,91,17,12.84,12.72,10.03,7.91,6.91,68982,69206,600000,Berlin Supersonics,III.15,2026-09-11
Alberto Mayoral,53714670,C,26,No,213,hall of famer,,,10,4,6,6,10,7,11,14,17,14,3,13,6,99,43,56,,,,,,68788,,1000000,Athletic Alkala Basket,III.15,2026-09-11
Roc Camps,53713392,SG,26,No,185,hall of famer,,,17,12,20,16,18,9,6,9,4,10,5,10,4,121,92,29,,,,,,68783,,1250000,CB Osasuna,III.15,2026-09-11
Huang Ruifa,53025137,PF,27,No,206,hall of famer,100,9,11,6,11,16,16,8,14,13,16,10,9,17,10,121,68,53,11.08,10.83,12.32,13.36,13.76,68320,71135,1709990,SSG Ulm 99,III.15,2026-09-11
Gary Forbes,53856089,SF,26,No,188,MVP,,,18,12,12,20,20,10,11,10,9,10,5,6,7,132,92,40,,,,,,67579,,1450000,"""CAPO D' IRLANDA""",III.15,2026-09-11
Ferruccio Anastasio,54045494,PF,25,No,208,hall of famer,,,11,6,3,12,14,5,16,12,16,9,4,6,6,104,51,53,,,,,,67302,,1888888,MKS Podlasie Sokółów Podlaski,III.15,2026-09-11
Viktor Steinmetz,53540110,PG,26,No,193,hall of famer,,7,16,7,17,17,18,12,18,14,8,5,4,22,8,132,87,45,,,,,,67268,,5000000,Blue Kings BC,III.15,2026-09-11
Kamil Krejčí,53846202,PG,26,No,198,hall of famer,,,15,6,18,17,18,12,5,11,10,8,7,16,8,120,86,34,,,,,,66529,,1100000,Panthessalonikios,III.15,2026-09-11
Trea Vedder,52997020,PF,28,No,201,superstar,100,,17,10,11,18,21,9,17,11,10,8,4,16,11,132,86,46,,,,,,66217,62421,1000000,Matcha Sippin' Bandits,III.15,2026-09-11
Kaan Perver,53041615,PG,28,No,188,superstar,100,7,16,14,16,14,16,14,5,10,6,6,4,8,9,117,90,27,13.38,13.48,11.13,9.11,8.24,66060,76796,700000,Yoncalar,III.15,2026-09-11
Bernardo Dantas,53801274,PG,26,No,213,hall of famer,100,,12,7,13,18,19,14,15,9,11,9,7,16,5,127,83,44,,,,,,65923,74740,1200000,ETRL BC,III.15,2026-09-11
Claass Schwindack,53062237,PG,27,No,188,MVP,100,5,18,16,14,16,17,13,7,3,5,3,9,9,11,112,94,18,13.07,13.16,10.19,7.82,6.63,65359,75703,,blondiniai,III.15,2026-09-11
Yau Ming Yuet,53531719,PG,27,No,185,MVP,,,14,10,16,16,15,14,10,11,9,2,2,11,7,117,85,32,,,,,,65137,,1900000,"A.D. ""Os Limianos""",III.15,2026-09-11
Manuel Sánchez,54950016,C,21,No,213,MVP,,,6,8,5,8,10,5,15,17,13,14,2,7,3,101,42,59,,,,,,64858,,2000000,CB Unstoppables,III.15,2026-09-11
Francisco Javier Borreguero,54026125,SF,25,No,190,hall of famer,,,16,12,15,17,15,8,17,14,6,9,4,22,6,129,83,46,,,,,,64283,,1048200,Free Agent,III.15,2026-09-11
Àlex Pla,53600035,C,27,No,211,superstar,,,8,5,11,6,6,10,6,17,16,16,4,13,10,101,46,55,,,,,,63781,,1200000,The Wall,III.15,2026-09-11
Vytautas Maldys,53810456,PF,26,No,208,hall of famer,,,15,12,10,11,15,7,17,14,8,10,6,11,6,119,70,49,,,,,,63366,,2450000,Somaracci,III.15,2026-09-11
Bieito Pascual Díez,54642909,SG,23,No,183,MVP,,,17,11,16,19,18,8,10,7,9,7,9,18,5,122,89,33,,,,,,62628,,1000000,Olimpia Xamax74,III.15,2026-09-11
Guillermo De Lope,53253640,SG,27,No,183,MVP,,9,16,20,11,18,18,9,10,5,6,4,4,14,8,117,92,25,,,,,,62370,,799999,Kikol Team,III.15,2026-09-11
Saúl Ferreira,53134510,PG,28,No,193,hall of famer,,,15,9,17,19,19,10,11,11,6,5,2,10,8,122,89,33,,,,,,61740,,1069777,ZELENOGRAD BULLS,III.15,2026-09-11
Cris Pierre,54593724,SF,23,No,193,hall of famer,,,15,9,12,9,10,9,13,12,14,7,8,12,4,110,64,46,,,,,,60717,,1500000,BC_Lituanica,III.15,2026-09-11
Takayuki Mizofuchi,54852545,PF,23,No,208,hall of famer,100,8,16,6,11,17,21,11,20,11,7,10,5,11,5,130,82,48,11.36,11.35,12.29,13.05,13.04,60669,63189,3090000,The Return,III.15,2026-09-11
Kailashnath Fozdar,53787305,SF,25,No,206,hall of famer,,,16,10,14,17,18,6,14,16,7,9,5,18,8,127,81,46,,,,,,60629,,1100000,Labregos BC,III.15,2026-09-11
May Nurkholiq,53188749,C,28,No,201,perennial allstar,,9,10,9,4,7,12,10,13,14,15,11,9,11,12,105,52,53,,,,,,60395,,2000000,Özgür Basket,III.15,2026-09-11
Petras Gužaitis,54427628,SG,24,No,198,MVP,,7,13,13,18,13,15,13,9,10,10,3,4,5,5,117,85,32,,,,,,59854,,2355644,Club Basket Bon Pastor,III.15,2026-09-11
Lin Hengyang,53692744,C,25,No,208,MVP,,8,1,7,17,10,5,10,7,21,10,21,5,7,8,109,50,59,,,,,,59619,,3500000,狂奔的羊驼,III.15,2026-09-11
Saúl Jorge,52496051,PG,29,No,206,MVP,,,10,7,16,14,16,13,12,12,9,12,7,21,12,121,76,45,,,,,,59070,,1150000,Ghepardi,III.15,2026-09-11
Arkady Pustovoy,51094324,SF,34,No,190,MVP,,7,19,15,13,13,14,10,8,10,3,4,4,6,11,109,84,25,,,,,,58969,,446777,Zelbasket,III.15,2026-09-11
Enrico Peren,53409710,SF,27,No,201,MVP,,,15,13,13,14,16,11,13,10,11,10,6,17,8,126,82,44,,,,,,58052,,1300000,TeXans99,III.15,2026-09-11
Gherardo Frisone,53734327,PF,25,No,196,hall of famer,100,7,17,7,10,20,22,7,23,10,7,5,5,15,7,128,83,45,10.63,10.69,12.04,13.49,13.7,57308,67007,4125000,Sbarbati,III.15,2026-09-11
Dinko Mohorovičić,52467251,PG,29,No,206,hall of famer,,,13,10,17,20,19,8,10,10,10,7,8,7,10,124,87,37,,,,,,57205,,1200000,Ghepardi,III.15,2026-09-11
Kostas Chasiotis,54535383,PF,24,No,211,hall of famer,,9,10,9,8,16,17,10,14,13,16,10,9,4,7,123,70,53,,,,,,57085,66820,2500000,Jakarta Warriors II,III.15,2026-09-11
Anthony Noury,54990213,SF,22,No,193,hall of famer,100,7,19,11,9,10,16,10,13,10,10,4,4,7,4,112,75,37,10.44,10.82,10.96,10.97,10.97,57057,64648,2000000,ΑΟΚ ΛΑΡΙΣΑΣ,III.15,2026-09-11
Andy Tichon,54102645,PG,24,No,188,hall of famer,,,15,8,19,20,20,7,11,10,8,3,6,9,7,121,89,32,,,,,,56516,,1300600,Polonia Przemysl,III.15,2026-09-11
Stefans Širons,54172460,PG,25,No,185,MVP,,,13,13,16,15,15,12,3,8,7,10,6,19,7,112,84,28,,,,,,55643,,1000000,Athletic Alkala Basket,III.15,2026-09-11
Garis Samavicius,51527627,SF,33,No,196,MVP,100,8,17,15,10,19,20,8,14,7,8,9,3,16,14,127,89,38,11.62,11.69,11.15,11.03,10.68,55595,49568,,Hay-den,III.15,2026-09-11
Christian Daniel Alterio,54917309,C,22,No,203,superstar,100,,9,10,4,12,13,8,15,16,10,11,5,4,4,108,56,52,,,,,,55260,55166,1300000,Muguiwaras,III.15,2026-09-11
Joezen Litton,53206599,PG,27,No,196,MVP,,,16,11,16,17,19,9,16,12,5,8,2,11,8,129,88,41,,,,,,54595,,1649777,ZELENOGRAD BULLS,III.15,2026-09-11
Dougal Bryce,53258880,C,27,No,201,hall of famer,100,,9,4,5,10,9,7,11,14,15,12,5,17,9,96,44,52,,,,,,53781,50545,1000000,Venezia Dragons,III.15,2026-09-11
Daniel Dobrogeanu,54512765,SF,24,No,190,hall of famer,,,16,9,13,16,14,6,14,9,13,3,5,11,4,113,74,39,,,,,,53534,,1475000,BC_Lituanica,III.15,2026-09-11
Gaudenzio Bachiorri,53076049,PG,27,No,183,hall of famer,,,17,10,18,20,20,8,18,7,2,1,1,16,9,121,93,28,,,,,,53078,,1500000,Shohoku II,III.15,2026-09-11
Vincent Swafford,53338907,SG,27,No,185,perennial allstar,,7,16,17,11,14,14,8,2,4,10,7,4,9,7,103,80,23,,,,,,52793,,500000,Tuna Tigers,III.15,2026-09-11
Derman Alabas,54638532,PG,23,No,185,MVP,,,17,13,17,16,17,12,10,5,5,4,4,4,4,116,92,24,,,,,,51955,,1250000,All-Starters,III.15,2026-09-11
Peter Owens,53339075,SF,26,No,198,perennial allstar,100,9,23,9,7,25,26,8,9,8,4,7,3,3,7,126,98,28,10.91,10.7,9.94,9.47,8.75,51896,51986,1000000,3nD rockets,III.15,2026-09-11
Christophe Andrieux,54061914,PF,25,No,203,perennial allstar,,,13,11,8,16,17,4,15,12,12,10,9,12,6,118,69,49,,,,,,51579,,1200000,Die Überspitzen 1910,III.15,2026-09-11
Edmundas Žemkauskas,54120677,SF,24,No,188,MVP,,,19,9,18,21,22,5,3,8,8,6,4,5,5,119,94,25,,,,,,51030,,1000000,Crazy clop,III.15,2026-09-11
Pan Kaiyu,54622668,PF,23,No,203,hall of famer,100,8,11,10,8,3,10,8,15,17,10,11,4,13,3,103,50,53,8.17,8.73,10.68,12.22,13.08,50794,66562,1000000,利拉德利拉德,III.15,2026-09-11
Julien Gloaguen,52422645,SG,29,No,183,superstar,100,5,18,12,17,19,20,7,11,6,2,2,9,16,10,114,93,21,11.96,12.4,10.14,8.84,7.96,50429,53111,1000000,SSG Ulm 99,III.15,2026-09-11
Xilberto Devesa,54642267,PG,22,No,203,hall of famer,,,14,5,15,18,19,12,11,10,6,7,5,7,5,117,83,34,,,,,,50167,,1099999,CB Underdogs,III.15,2026-09-11
Vlado Matulja,54139495,PG,24,No,201,hall of famer,,7,12,5,20,17,18,10,11,11,8,8,2,6,5,120,82,38,,,,,,48093,,2000000,Milwaukee Sucks,III.15,2026-09-11
Murat Necil,54328885,PG,24,No,208,hall of famer,,,16,4,15,20,23,10,14,10,7,5,4,6,6,124,88,36,,,,,,48025,,2123456,Kaşıkadası Zombileri,III.15,2026-09-11
Mohammad Amir Elmamouz,54511565,SG,23,No,185,MVP,,9,19,14,14,16,17,7,8,4,5,5,5,5,6,109,87,22,,,,,,47866,,750000,Yellow Falcons,III.15,2026-09-11
Laurent McAuliffe,54852454,C,22,No,218,all-time great,,,8,4,2,10,11,3,10,14,19,9,4,11,5,90,38,52,,,,,,47551,,1023548,Pähklid,III.15,2026-09-11
Sidy Diouf,54234515,C,24,No,206,superstar,,,6,5,11,7,4,8,5,20,12,18,4,5,5,96,41,55,,,,,,46871,,1800000,Kapliadančiai,III.15,2026-09-11
Jonatan Amorós,55162609,C,22,No,216,hall of famer,,4,5,8,2,2,9,9,4,16,16,20,1,4,5,91,35,56,,,,,,45563,46933,2000000,Shadyside BC,III.15,2026-09-11
Sit Tak Shing,53692093,PF,26,No,198,hall of famer,,8,13,4,19,14,13,12,16,14,7,10,4,10,7,122,75,47,,,,,,45199,,2880000,MX.冰雪龙卷风,III.15,2026-09-11
Dasakorn Sudsiri,53919275,PG,26,No,193,perennial allstar,,,16,13,15,17,18,10,9,5,3,9,9,18,9,115,89,26,,,,,,44853,,1000000,VF-81,III.15,2026-09-11
Orlando Colomeda,54183920,PG,24,No,206,hall of famer,,7,12,7,20,19,19,7,12,10,7,6,4,9,6,119,84,35,,,,,,43128,,2000000,Milwaukee Sucks,III.15,2026-09-11
Mojsie Eminovski,50891003,PG,35,No,190,hall of famer,100,9,19,14,9,14,17,13,3,3,6,1,9,16,16,99,86,13,11.4,11.3,8.77,6.49,5.39,42900,45775,40000,Brandenburg Eagles,III.15,2026-09-11
Guillermo Sáenz Ribas,53047071,PG,27,No,185,hall of famer,100,8,14,15,14,17,19,10,7,6,5,3,3,13,8,110,89,21,12.1,12.08,9.85,8.33,7.5,42448,49565,,conquers,III.15,2026-09-11
Jorge Esparza,54331552,C,23,No,211,hall of famer,,,6,3,2,3,7,5,14,14,14,10,4,15,5,78,26,52,,,,,,41043,,1000000,Athletic Alkala Basket,III.15,2026-09-11
Roy Comer,52217453,SG,30,No,183,superstar,,8,18,18,7,15,17,8,11,4,6,4,4,6,10,108,83,25,,,,,,40773,,150000,C.S.D. Flandria,III.15,2026-09-11
Riku Kautia,55140944,C,22,No,198,MVP,,,8,7,11,8,5,7,5,17,13,20,3,10,4,101,46,55,,,,,,40593,,1500000,The vilEliminators,III.15,2026-09-11
An Chuanrong,54538235,C,23,No,203,perennial allstar,,,3,5,10,8,9,11,5,15,14,18,5,1,5,98,46,52,,,,,,37370,,1500000,DavidSKS,III.15,2026-09-11
Francisco Javier Bennet,52830148,SF,28,No,188,perennial allstar,100,5,19,15,8,15,15,8,9,5,6,5,8,11,9,105,80,25,10.22,10.48,9.19,8.3,7.75,36399,43705,,Free Agent,III.15,2026-09-11
Brillantino Abegoa,54331214,PG,23,No,193,hall of famer,,8,15,9,18,17,19,8,15,7,5,8,6,14,5,121,86,35,,,,,,36287,,2120000,rinoilbagnino,III.15,2026-09-11
Quinn Mak,53457520,PG,27,No,196,superstar,100,9,15,15,12,13,17,12,8,10,2,8,6,3,8,112,84,28,11.34,11.53,9.9,8.72,8.09,35448,37686,1000000,Porcinos,III.15,2026-09-11
Jiří Svárovský,54776201,C,23,No,203,superstar,100,,3,4,8,12,12,17,8,16,11,17,6,12,4,108,56,52,,,,,,35238,36563,1800000,Szolnok Pelicans,III.15,2026-09-11
Janusz Folkierski,49645634,SG,37,No,196,MVP,100,8,15,18,9,10,14,9,5,7,4,3,5,5,18,94,75,19,9.77,10.08,8.26,7.02,6.5,34145,33225,,Skawinka,III.15,2026-09-11
Emmanouil Alexoudis,54079176,SG,25,No,190,MVP,100,,13,11,14,16,16,7,12,5,7,10,9,18,5,111,77,34,,,,,,34085,27101,1750000,Obsessions,III.15,2026-09-11
Tomé Teixeira Pinto,54419063,PG,24,No,201,MVP,,8,13,10,12,15,16,13,7,6,7,10,8,11,5,109,79,30,,,,,,33878,,2000000,"A.D. ""Os Limianos""",III.15,2026-09-11
Christian Parrales,51003278,SF,34,No,188,star,,8,17,15,8,6,10,5,7,7,6,6,9,17,15,87,61,26,,,,,,33756,,50000,Eina sau,III.15,2026-09-11
Petar Mihajlović,53509045,SF,27,No,188,allstar,100,,15,11,11,15,15,8,8,6,11,10,5,7,8,110,75,35,,,,,,33540,35052,1000000,tigrotti,III.15,2026-09-11
Bakhtiar Junian,55093367,PF,22,No,211,superstar,,,12,6,4,6,14,7,17,15,7,10,1,14,3,98,49,49,,,,,,33379,,1250000,Cutters,III.15,2026-09-11
Zdenko Lovec,55159037,PF,22,No,213,superstar,,,12,5,4,11,8,4,13,15,9,10,5,5,4,91,44,47,,,,,,33246,,1000000,Šaltakraujai,III.15,2026-09-11
Serkan Sinan Sunal,53382647,SF,26,No,193,MVP,,,15,7,14,14,15,11,8,10,9,7,3,10,5,110,76,34,,,,,,33172,,1000000,B.C. LA SALLE,III.15,2026-09-11
Braco Tomazin,54827509,PG,22,No,183,MVP,100,8,15,11,16,14,15,11,10,8,3,3,4,5,4,106,82,24,11.84,12.12,10.25,8.88,8.16,32132,38195,3000000,kk rudar 1978,III.15,2026-09-11
Krzysztof Prostak,54495376,C,23,No,224,MVP,,,9,6,8,13,15,4,12,14,15,7,3,2,5,103,55,48,,,,,,31742,,1200000,Noteć Inoworcław,III.15,2026-09-11
Xuan Guastini,54644913,PG,22,No,211,hall of famer,,,13,5,14,19,19,9,10,8,8,8,4,13,5,113,79,34,,,,,,31469,,1199999,CB Underdogs,III.15,2026-09-11
Dolly Rokhim,55397692,C,21,No,213,MVP,,8,9,2,6,9,6,4,9,16,11,17,8,12,3,89,36,53,,,,,,31324,,2000000,Jayapura Cendrawasih,III.15,2026-09-11
Miley Friel,54474349,SF,24,No,185,superstar,100,7,15,9,13,18,19,7,14,12,6,10,2,5,6,123,81,42,10.98,11.18,11.21,11.54,11.42,31234,32240,2000000,"""CAPO D' IRLANDA""",III.15,2026-09-11
Filip Ptasiński,54806970,SG,23,No,188,superstar,100,6,12,14,13,9,13,9,4,9,11,4,6,11,3,98,70,28,10.87,11.09,9.72,8.58,8.26,30508,37984,,PERIKOS1968,III.15,2026-09-11
David Acosta,53595513,PG,26,No,183,superstar,,8,13,5,20,16,17,7,18,11,6,4,2,9,9,117,78,39,,,,,,29831,,3000000,Gli Indomabili,III.15,2026-09-11
Manuel Mazo,53734464,PF,26,No,208,superstar,100,,12,4,4,6,9,3,13,10,12,8,8,4,6,81,38,43,,,,,,29543,30464,1000000,tigrotti,III.15,2026-09-11
Gerard Stezycki,54808152,PG,22,No,188,MVP,,,14,7,15,19,20,5,16,9,9,5,4,13,5,119,80,39,,,,,,29387,,1200000,Villaggio Bulls,III.15,2026-09-11
Iván Sierra Urquijo,53387799,SF,27,No,193,MVP,100,6,18,14,8,11,10,3,10,5,4,8,7,15,7,91,64,27,7.93,8.74,7.79,7.43,7.13,29379,29000,175000,Sarajevo 2020,III.15,2026-09-11
Zhen Shaopeng,52696845,SG,28,No,190,superstar,,,7,9,23,14,12,8,3,12,6,4,7,14,8,98,73,25,,,,,,28706,,1300000,BALKAN Botevgrad,III.15,2026-09-11
Hugo Meira,53475045,SG,26,No,185,perennial allstar,,8,13,7,20,16,17,6,19,11,4,3,3,9,9,116,79,37,,,,,,28182,,3000000,Gli Indomabili,III.15,2026-09-11
Marko Mihoc,53840966,SG,26,No,185,superstar,100,8,12,14,12,9,10,9,8,10,10,2,4,24,7,96,66,30,10.5,10.75,10.03,9.49,9.43,28109,32429,450000,BC Afganistanas,III.15,2026-09-11
Manolakis Metaxas,54697379,PG,22,No,188,MVP,,,15,10,13,15,16,10,5,8,7,4,5,3,4,103,79,24,,,,,,27527,,1000000,Athletic Alkala Basket,III.15,2026-09-11
Juliusz Kaczan,52548206,SF,29,No,208,allstar,100,9,14,14,7,10,14,5,10,8,10,7,9,17,9,99,64,35,8.59,8.95,9.04,9.32,9.44,26830,29615,450000,Armata GrigioRossa,III.15,2026-09-11
Filip Zawalich,53551624,SG,26,No,193,MVP,100,8,12,16,13,12,9,7,7,7,4,5,4,7,8,92,69,23,10.14,10.53,8.69,7.57,7.08,26500,30751,350000,Soldiers and Warriors,III.15,2026-09-11
Luo Runbo,54930561,PG,22,No,190,hall of famer,,,7,9,10,12,13,14,8,9,9,9,4,4,3,100,65,35,,,,,,25989,,1000000,TALADZI TEAM,III.15,2026-09-11
Jimmy Moulson,54786220,SG,23,No,206,MVP,,,13,12,11,11,13,6,7,6,10,8,5,8,5,97,66,31,,,,,,25868,,1000000,Athletic Alkala Basket,III.15,2026-09-11
Reko Skantz,53595693,PF,27,No,203,MVP,100,,11,7,7,16,16,9,13,9,13,5,7,12,8,106,66,40,,,,,,23112,25408,1000000,tigrotti,III.15,2026-09-11
Claudi Cartoixà,54642817,SF,23,No,198,hall of famer,,,12,11,10,15,16,7,9,10,9,12,7,4,4,111,71,40,,,,,,22892,,1500000,VIDEVOS A MIN MIÑAXOIAS,III.15,2026-09-11
Kennedy Ginsos,51404171,SG,33,No,196,superstar,,6,10,16,11,12,8,5,7,3,8,8,9,11,12,88,62,26,,,,,,22646,,250000,Vertas,III.15,2026-09-11
Algis Bronickis,54738935,SG,23,No,193,superstar,100,9,12,15,13,11,11,11,3,5,4,9,5,9,5,94,73,21,10.95,11.12,8.47,6.32,5.36,22292,28026,1000000,BC Afganistanas,III.15,2026-09-11
Vaggelis Makrinos,54698391,PG,22,No,198,hall of famer,,9,6,8,12,13,13,12,3,13,11,14,4,4,4,105,64,41,,,,,,21444,,2200000,Xeftilaikos,III.15,2026-09-11
Leopold Magin,51166586,SG,34,No,196,perennial allstar,,5,7,14,15,11,7,8,6,6,9,7,3,5,12,90,62,28,,,,,,21139,,77777,RipCity JailBlazers,III.15,2026-09-11
Didzis Kemrausis,54791606,C,22,No,193,hall of famer,100,8,6,7,10,6,7,5,1,15,12,20,1,6,4,89,41,48,7.79,8.03,8.49,8.62,8.88,20896,18411,2930000,Forlì 2.0,III.15,2026-09-11
Pierluigi Batini,53068228,SG,28,No,183,perennial allstar,100,9,14,16,7,9,13,9,10,2,5,6,9,20,6,91,68,23,9.05,9.33,8,7.07,6.55,20376,20055,350000,Armata GrigioRossa,III.15,2026-09-11
Maurizio Albericci,52406900,SG,30,No,185,allstar,,9,16,14,9,8,11,10,7,2,2,2,3,16,10,81,68,13,,,,,,19550,,285000,Angel_of_Sky,III.15,2026-09-11
Víctor Surgeres,54950767,PF,22,No,201,hall of famer,,,12,6,10,12,16,4,17,9,6,8,2,9,5,100,60,40,,,,,,19338,,1500000,yeahh,III.15,2026-09-11
Kazimierz Papierz,55116214,PF,22,No,206,hall of famer,,,15,7,6,11,15,9,14,5,10,6,1,10,3,98,63,35,,,,,,17294,,2500000,Dynamo Split,III.15,2026-09-11
Mariano Ugolini,55276420,PF,21,No,203,hall of famer,,,9,8,11,11,8,10,13,12,10,5,6,14,4,97,57,40,,,,,,16958,,1620000,Geeno FC,III.15,2026-09-11
Shmavon Baghdasaryan,50545050,SF,35,No,183,hall of famer,,,18,10,9,9,11,8,3,2,3,3,1,8,11,76,65,11,,,,,,16867,,1500000,Jimbitos,III.15,2026-09-11
Reginald Glass,54726784,SF,23,No,203,hall of famer,,,13,10,7,17,18,3,14,5,8,10,2,3,4,105,68,37,,,,,,16513,,1000000,Junior Pallacanestro Molfetta,III.15,2026-09-11
Ingemar Huwig,55271896,PG,21,No,198,hall of famer,100,,12,9,6,17,15,9,12,6,10,10,4,9,2,106,68,38,,,,,,16032,19447,1111111,LE SSERAFIM,III.15,2026-09-11
Luigi Fraleoni,53734995,SG,26,No,188,allstar,100,7,12,15,9,11,8,4,5,9,5,3,9,17,4,81,59,22,8.15,8.53,7.56,7.17,7.06,15860,17991,185200,Armata GrigioRossa,III.15,2026-09-11
Danukas Ovdijus,55047666,PG,22,No,185,MVP,,,12,13,10,9,12,12,6,5,4,9,6,2,2,92,68,24,,,,,,15585,,1000000,BC Afganistanas,III.15,2026-09-11
Diogo Silva,54112205,PF,25,No,206,perennial allstar,,,9,8,7,5,3,10,4,14,7,18,7,18,5,85,42,43,,,,,,15560,,1300000,MX.冰雪龙卷风️,III.15,2026-09-11
Jacques Crews,55205641,C,20,No,208,perennial allstar,,,5,4,3,6,6,6,8,13,10,15,3,3,2,76,30,46,,,,,,15349,,1000000,CB Capital,III.15,2026-09-11
Rasheed El-Ameen,55338217,PG,21,No,190,hall of famer,100,,11,3,11,14,15,9,10,6,10,10,2,12,2,99,63,36,,,,,,15276,17304,1111111,LE SSERAFIM,III.15,2026-09-11
Franciszek Szewczyk,55421208,PG,21,No,193,all-time great,,,14,10,12,13,13,8,9,7,5,5,4,7,2,96,70,26,,,,,,14682,,1200000,Resistência AYA,III.15,2026-09-11
Manolakis Nanos,55005621,SF,21,No,201,MVP,,,13,9,7,16,18,7,12,9,8,4,3,1,3,103,70,33,,,,,,14294,,1200000,Pouthenades Bc,III.15,2026-09-11
Pekka Niinioja,55444926,SF,21,No,196,MVP,,,12,8,11,13,11,9,7,12,5,13,8,13,2,101,64,37,,,,,,14059,,1600000,Dingo BC,III.15,2026-09-11
Charles Mateja,55025481,PG,22,No,190,hall of famer,,,13,9,9,18,18,6,14,8,4,4,8,14,3,103,73,30,,,,,,13497,,1000000,堆落地胡子,III.15,2026-09-11
Piotr Franczuk,55116071,PF,21,No,196,hall of famer,,,11,7,8,16,18,5,11,10,7,8,2,4,4,101,65,36,,,,,,11470,,1300000,Pouthenades Bc,III.15,2026-09-11
Juan Román Escheimber,55824288,PF,19,Yes,196,hall of famer,,,10,5,6,8,10,4,9,9,10,10,6,6,1,81,43,38,,,,,,11350,,1900000,Yodas,III.15,2026-09-11
Zhang Ke Lin,55710963,PG,20,No,201,MVP,,,11,7,9,10,13,10,9,8,9,10,6,9,2,96,60,36,,,,,,11338,,1302000,sheert devils II,III.15,2026-09-11
Tura Zevafir,54946509,SF,21,No,188,MVP,,,13,7,12,14,15,5,10,8,4,6,9,4,3,94,66,28,,,,,,11322,,1000000,Dynamo Tego,III.15,2026-09-11
Haris Latvys,55351253,SF,21,No,193,hall of famer,,,11,6,6,11,13,8,9,8,10,6,6,12,1,88,55,33,,,,,,9845,,1250000,Adalet Tanrısı,III.15,2026-09-11
Gianfranco Allegrini,55277318,SG,21,No,206,hall of famer,,,10,8,12,6,8,9,11,8,4,8,4,5,3,84,53,31,,,,,,9609,,1000000,Golden Lions II,III.15,2026-09-11
Moraci Guerra,56003119,SG,25,No,180,starter,100,5,11,14,7,8,3,4,5,3,4,1,6,9,11,60,47,13,6.81,7.21,5.83,4.98,4.67,9221,10316,92210,Free Agent,III.15,2026-09-11
Shayne Delgado,55206106,PG,20,No,190,hall of famer,,,12,3,8,15,16,8,11,6,7,7,2,10,3,93,62,31,,,,,,8610,,1000000,Mera25,III.15,2026-09-11
Miloš Škandik,55388441,PG,20,No,183,hall of famer,,,10,6,11,9,10,10,7,8,7,2,8,5,2,80,56,24,,,,,,8038,,1555555,Club Basket Bon Pastor,III.15,2026-09-11
Eusebio Zampedri,55810120,PG,19,Yes,201,hall of famer,,,7,7,7,11,11,10,8,1,10,3,4,6,1,75,53,22,,,,,,7846,,1100000,The Lorewalkers,III.15,2026-09-11
Çetin Suntay,55251337,SF,20,No,190,hall of famer,,,10,7,8,9,11,7,10,6,8,6,5,7,2,82,52,30,,,,,,7073,,1995000,Adalet Tanrısı,III.15,2026-09-11
Giordano Tiralongo,55571849,SF,19,No,196,hall of famer,,,10,8,7,13,14,3,8,6,4,5,5,7,2,78,55,23,,,,,,4621,,1000000,Fuzzy Logic,III.15,2026-09-11
Barnabás Steinmetz,55945623,PG,18,Yes,193,hall of famer,100,7,8,5,7,9,9,7,7,2,7,4,1,3,1,65,45,20,7.08,6.93,6.45,5.88,5.54,3767,4995,1600000,Albiolo Millers,III.15,2026-09-11
Kastytis Šedleckis,55898784,SG,18,Yes,183,hall of famer,,8,8,7,7,5,8,7,7,1,7,4,4,4,1,61,42,19,,,,,,3596,,2000000,Žalgiris official,III.15,2026-09-11
Jacob Cary,55815559,SF,18,Yes,203,hall of famer,100,8,7,7,7,3,3,7,5,6,6,7,2,5,1,58,34,24,6.23,6.46,6.13,5.65,5.57,3402,4017,2000000,KBVP,III.15,2026-09-11
Gustavo Alejandro Yanzón,55821504,C,18,Yes,213,hall of famer,100,,2,1,7,3,2,3,8,9,7,5,4,5,1,47,18,29,,,,,,3100,5280,1000000,Deportivo Wilson,III.15,2026-09-11
Giovanni Di Martino,55989661,C,18,Yes,208,hall of famer,,,5,2,3,5,8,7,8,8,8,4,1,6,1,58,30,28,,,,,,3099,,1500000,LosCorredores,III.15,2026-09-11
Michaël Borrel,55856868,SG,18,Yes,203,hall of famer,,,8,7,7,9,4,5,7,4,6,7,4,6,1,64,40,24,,,,,,3031,,1500000,Fascaga,III.15,2026-09-11
Cao Yinghui,55834236,PG,18,Yes,206,hall of famer,,6,6,3,7,8,6,7,6,7,4,7,7,6,2,61,37,24,,,,,,2935,,2555555,鹤山书院,III.15,2026-09-11
Lech Dąbrowski,55956574,SG,18,Yes,188,MVP,,,8,7,6,3,7,5,7,3,2,1,7,8,1,49,36,13,,,,,,2531,,1000000,Skorpion Gliwice,III.15,2026-09-11
